frame,camera,player_id,bbox_x1,bbox_y1,bbox_x2,bbox_y2,center_x,center_y,confidence,class
5,broadcast,player_01,1555,709,1640,840,1598.2561,774.72986,0.9278213381767273,player
10,broadcast,player_01,1536,722,1631,847,1583.7836,784.76605,0.9116243720054626,player
15,broadcast,player_01,1534,715,1639,837,1587.4482,776.436,0.9345296025276184,player
20,broadcast,player_01,1543,707,1634,834,1588.9413,771.1575,0.9300540685653687,player
25,broadcast,player_01,1527,706,1590,829,1559.085,768.2252,0.8989508152008057,player
25,broadcast,player_01,1553,708,1612,808,1583.0438,758.5497,0.5670955777168274,player
30,broadcast,player_01,1509,699,1594,819,1551.9316,759.2385,0.9280483722686768,player
35,broadcast,player_01,1492,694,1556,820,1524.2781,757.2462,0.9251273274421692,player
40,broadcast,player_01,1464,694,1532,812,1498.8492,753.3402,0.9132447838783264,player
45,broadcast,player_01,1466,688,1529,809,1498.1599,748.7969,0.9130621552467346,player
50,broadcast,player_01,1448,695,1505,814,1476.7529,755.1491,0.9200474619865417,player
55,broadcast,player_01,1425,694,1521,808,1473.4487,751.6748,0.9317794442176819,player
60,broadcast,player_01,1424,695,1472,816,1448.5857,756.0467,0.9161140322685242,player
65,broadcast,player_01,1389,697,1458,814,1424.2288,756.31604,0.9335405826568604,player
70,broadcast,player_01,1376,691,1440,817,1408.5103,754.39075,0.9336655735969543,player
75,broadcast,player_01,1359,694,1432,812,1396.2218,753.24023,0.9114393591880798,player
80,broadcast,player_01,1378,686,1433,809,1406.0973,748.3004,0.926798403263092,player
85,broadcast,player_01,1420,690,1472,811,1446.4675,751.3513,0.9113357067108154,player
90,broadcast,player_01,1462,693,1529,813,1495.7954,753.4109,0.9278820753097534,player
95,broadcast,player_01,1525,700,1572,824,1548.5876,762.26245,0.9140617847442627,player
100,broadcast,player_01,1551,715,1603,838,1577.5668,777.0914,0.9083101749420166,player
105,broadcast,player_01,1575,718,1623,846,1599.1062,782.68805,0.9057998657226562,player
110,broadcast,player_01,1562,733,1638,861,1600.3724,797.61694,0.9314111471176147,player
115,broadcast,player_01,1589,740,1654,869,1622.2299,805.0725,0.9323230981826782,player
120,broadcast,player_01,1588,743,1649,879,1618.9043,811.84296,0.918442964553833,player
125,broadcast,player_01,1562,752,1637,888,1599.847,820.5038,0.926103949546814,player
5,broadcast,player_02,599,752,659,886,629.67804,819.4684,0.9259033799171448,player
10,broadcast,player_02,623,752,667,882,645.5182,817.5097,0.89445561170578,player
15,broadcast,player_02,637,739,690,866,664.1486,802.936,0.9060389399528503,player
20,broadcast,player_02,655,722,720,843,688.24536,783.14197,0.9202320575714111,player
25,broadcast,player_02,672,710,726,836,699.7196,773.1033,0.9167647957801819,player
30,broadcast,player_02,679,697,726,823,703.15857,760.341,0.9134406447410583,player
35,broadcast,player_02,685,685,733,805,709.88434,745.39954,0.9110961556434631,player
40,broadcast,player_02,697,677,752,788,725.27637,732.7588,0.9177552461624146,player
45,broadcast,player_02,720,667,768,784,744.5686,726.15,0.9029000997543335,player
50,broadcast,player_02,739,665,779,778,759.7066,721.807,0.9089711904525757,player
55,broadcast,player_02,753,663,805,769,779.74664,716.6189,0.9215986132621765,player
60,broadcast,player_02,751,656,800,758,776.2174,707.58606,0.8889963626861572,player
65,broadcast,player_02,745,644,803,751,774.5694,698.0835,0.9232671856880188,player
70,broadcast,player_02,733,639,791,746,762.462,693.2522,0.9162726402282715,player
75,broadcast,player_02,727,638,776,739,751.99164,688.5642,0.9177009463310242,player
80,broadcast,player_02,740,625,782,731,761.7533,678.60596,0.9111312031745911,player
85,broadcast,player_02,775,621,817,715,796.56775,668.8115,0.9070240259170532,player
90,broadcast,player_02,834,629,874,712,854.7387,670.82544,0.8368849754333496,player
90,broadcast,player_02,820,627,868,708,844.49963,667.9802,0.8149963021278381,player
95,broadcast,player_02,833,644,923,719,878.5607,681.9947,0.9239286780357361,player
100,broadcast,player_02,831,679,905,725,868.47253,702.6103,0.8255655765533447,player
105,broadcast,player_02,849,693,893,733,871.7294,713.54675,0.7727884650230408,player
5,broadcast,player_03,1215,455,1279,549,1247.6875,502.5183,0.9125841856002808,player
10,broadcast,player_03,1255,466,1317,559,1286.8264,512.7544,0.9193398356437683,player
15,broadcast,player_03,1270,473,1338,564,1304.6614,518.6456,0.912056028842926,player
20,broadcast,player_03,1299,471,1380,561,1339.9904,516.50793,0.919320285320282,player
25,broadcast,player_03,1320,476,1370,564,1345.3306,520.5936,0.8752928376197815,player
30,broadcast,player_03,1320,474,1400,561,1360.435,518.2809,0.917990505695343,player
35,broadcast,player_03,1315,479,1373,566,1344.4496,523.1559,0.8982298374176025,player
40,broadcast,player_03,1333,483,1398,568,1365.7683,525.88336,0.9204748868942261,player
45,broadcast,player_03,1347,485,1417,569,1382.232,527.53687,0.9147059321403503,player
50,broadcast,player_03,1369,505,1402,578,1385.952,541.6455,0.8071861863136292,player
50,broadcast,player_03,1345,494,1394,548,1369.861,521.59546,0.7895891666412354,player
50,broadcast,player_03,1345,496,1399,572,1372.4976,534.23016,0.6726387739181519,player
55,broadcast,player_03,1365,507,1421,584,1393.5872,546.2597,0.8587300181388855,player
60,broadcast,player_03,1367,504,1425,587,1396.7018,545.8453,0.9276607632637024,player
65,broadcast,player_03,1355,511,1422,589,1388.6929,550.0406,0.880784809589386,player
70,broadcast,player_03,1351,522,1451,593,1401.5043,557.6468,0.836833655834198,player
70,broadcast,player_03,1348,520,1395,584,1371.9595,552.44617,0.693573534488678,player
75,broadcast,player_03,1369,516,1432,591,1401.4406,554.13354,0.9081752896308899,player
75,broadcast,player_03,1440,474,1479,554,1459.9904,514.22614,0.8934167623519897,player
80,broadcast,player_03,1492,509,1539,597,1515.9221,553.4119,0.8899174928665161,player
80,broadcast,player_03,1401,510,1474,590,1438.1287,550.5652,0.8871217966079712,player
80,broadcast,player_03,1451,477,1489,549,1470.5347,513.81525,0.826716423034668,player
85,broadcast,player_03,1467,504,1511,593,1489.5594,549.28735,0.8490605354309082,player
85,broadcast,player_03,1491,476,1516,542,1503.7628,509.4558,0.8405994176864624,player
90,broadcast,player_03,1526,500,1590,598,1558.4302,549.83777,0.8738105893135071,player
90,broadcast,player_03,1614,515,1653,599,1634.1042,557.66876,0.8590272665023804,player
95,broadcast,player_03,1674,516,1712,615,1693.5952,565.9393,0.8963836431503296,player
100,broadcast,player_03,1628,518,1667,614,1647.6196,566.7541,0.8853514790534973,player
100,broadcast,player_03,1616,578,1650,676,1633.5077,627.6821,0.8491474390029907,player
105,broadcast,player_03,1594,514,1628,600,1611.2428,557.10254,0.9185314774513245,player
105,broadcast,player_03,1658,531,1691,624,1674.9302,578.36633,0.8793166875839233,player
105,broadcast,player_03,1661,587,1705,687,1683.182,637.35724,0.7519709467887878,player
110,broadcast,player_03,1672,534,1717,640,1694.978,587.609,0.9099116921424866,player
115,broadcast,player_03,1700,540,1742,648,1721.1552,594.69965,0.8997339010238647,player
115,broadcast,player_03,1782,548,1814,660,1798.4272,604.12134,0.8760519027709961,player
115,broadcast,player_03,1750,602,1781,712,1766.0134,657.38983,0.8004328012466431,player
120,broadcast,player_03,1718,543,1747,644,1733.1793,593.72974,0.8869971632957458,player
125,broadcast,player_03,1712,545,1753,658,1733.199,602.0475,0.886055588722229,player
5,broadcast,player_04,877,575,934,671,906.0734,623.15546,0.8988417983055115,player
5,broadcast,player_04,815,554,863,645,839.65393,599.96704,0.897054135799408,player
5,broadcast,player_04,825,611,900,714,863.07715,663.3704,0.8887011408805847,player
10,broadcast,player_04,829,571,878,665,854.1592,618.65936,0.9004547595977783,player
10,broadcast,player_04,849,614,907,729,878.63135,671.6328,0.8819680213928223,player
10,broadcast,player_04,920,578,959,670,939.7315,624.34076,0.8630636930465698,player
15,broadcast,player_04,837,568,894,665,866.39886,616.8738,0.8985413908958435,player
15,broadcast,player_04,863,610,914,719,888.9381,665.2037,0.8819606304168701,player
20,broadcast,player_04,866,609,944,712,905.3765,660.96515,0.920373797416687,player
20,broadcast,player_04,857,559,913,648,885.5054,604.0398,0.9013363718986511,player
25,broadcast,player_04,881,604,923,710,902.6318,657.7337,0.8865727782249451,player
25,broadcast,player_04,893,552,938,641,916.0728,596.86707,0.8532760739326477,player
30,broadcast,player_04,913,543,970,631,941.92255,587.19293,0.901957631111145,player
30,broadcast,player_04,875,592,940,701,907.6862,646.81165,0.9008740186691284,player
35,broadcast,player_04,925,538,981,629,953.6763,584.4188,0.9070870876312256,player
35,broadcast,player_04,883,590,929,698,906.26434,644.2392,0.8998903632164001,player
40,broadcast,player_04,883,592,948,696,915.93713,644.2346,0.9252350330352783,player
45,broadcast,player_04,903,589,953,698,928.4946,643.84607,0.9162126183509827,player
50,broadcast,player_04,914,600,962,697,938.73083,648.6118,0.9066082835197449,player
55,broadcast,player_04,904,598,990,700,947.6166,649.6544,0.9298009276390076,player
60,broadcast,player_04,913,599,957,702,935.84143,650.98254,0.9068562388420105,player
65,broadcast,player_04,894,607,953,703,923.93463,655.3128,0.917565107345581,player
70,broadcast,player_04,897,603,947,705,922.4606,654.41656,0.9210412502288818,player
75,broadcast,player_04,879,608,944,705,912.3782,657.2572,0.9111635684967041,player
80,broadcast,player_04,897,605,978,705,937.88086,655.62146,0.923477292060852,player
85,broadcast,player_04,945,605,992,706,969.0921,655.9877,0.8958795666694641,player
90,broadcast,player_04,993,608,1039,704,1016.6884,656.87354,0.9214913845062256,player
95,broadcast,player_04,1045,604,1078,705,1061.7213,655.17737,0.8997983932495117,player
100,broadcast,player_04,1062,619,1103,721,1082.9578,670.76373,0.8690518140792847,player
105,broadcast,player_04,1081,631,1119,730,1100.9114,680.9306,0.8744186758995056,player
110,broadcast,player_04,1096,629,1133,739,1114.8398,684.9114,0.9099862575531006,player
115,broadcast,player_04,1102,635,1150,748,1126.9525,691.73773,0.904795229434967,player
120,broadcast,player_04,1102,639,1153,754,1127.6633,696.62976,0.8981644511222839,player
125,broadcast,player_04,1103,640,1153,760,1128.6709,700.3424,0.9041765928268433,player
5,broadcast,player_05,1650,440,1712,520,1681.5194,480.75037,0.8965820074081421,player
10,broadcast,player_05,1661,452,1711,536,1686.5317,494.49048,0.9118868112564087,player
15,broadcast,player_05,1663,454,1700,536,1681.9849,495.48834,0.9040474891662598,player
20,broadcast,player_05,1663,452,1693,535,1678.3286,493.90033,0.8629661202430725,player
25,broadcast,player_05,1640,451,1699,532,1669.7545,491.9651,0.8849710822105408,player
30,broadcast,player_05,1611,449,1681,526,1646.4331,488.03317,0.9181766510009766,player
35,broadcast,player_05,1591,451,1650,527,1620.949,489.84412,0.9241563677787781,player
35,broadcast,player_05,1543,452,1573,512,1558.6958,482.75153,0.7324180603027344,player
40,broadcast,player_05,1576,453,1617,534,1597.1774,493.98788,0.8748007416725159,player
40,broadcast,player_05,1517,494,1561,584,1539.5085,539.872,0.8523447513580322,player
40,broadcast,player_05,1544,457,1573,535,1559.0532,496.40576,0.7060708999633789,player
45,broadcast,player_05,1518,491,1565,584,1542.2151,538.2463,0.8883663415908813,player
45,broadcast,player_05,1539,468,1598,543,1568.7554,506.0987,0.7821565866470337,player
45,broadcast,player_05,1552,460,1599,540,1576.0887,500.64713,0.6045243144035339,player
50,broadcast,player_05,1511,497,1570,581,1540.8706,539.3388,0.8882156610488892,player
50,broadcast,player_05,1542,464,1579,533,1561.0271,499.04587,0.8472041487693787,player
55,broadcast,player_05,1510,502,1555,589,1533.0266,545.80426,0.8901655673980713,player
55,broadcast,player_05,1536,494,1579,574,1558.054,534.81165,0.7638871669769287,player
55,broadcast,player_05,1534,467,1555,519,1544.9714,493.18002,0.7456788420677185,player
60,broadcast,player_05,1490,505,1544,589,1517.6371,547.44226,0.8491259813308716,player
60,broadcast,player_05,1499,468,1540,528,1519.9663,498.0487,0.8224323987960815,player
60,broadcast,player_05,1533,493,1571,571,1552.73,532.60254,0.607846200466156,player
65,broadcast,player_05,1482,474,1508,529,1495.4282,502.17883,0.8065398335456848,player
65,broadcast,player_05,1467,506,1531,593,1499.125,550.25806,0.7939172983169556,player
65,broadcast,player_05,1515,502,1560,581,1538.187,542.0315,0.6833191514015198,player
70,broadcast,player_05,1462,515,1518,597,1490.6931,556.3437,0.9110947847366333,player
70,broadcast,player_05,1527,497,1569,568,1548.1608,533.0126,0.9067208766937256,player
75,broadcast,player_05,1472,505,1514,595,1493.3057,550.24286,0.9036516547203064,player
5,broadcast,player_06,1467,417,1515,502,1491.6516,460.1186,0.8898772597312927,player
10,broadcast,player_06,1498,432,1538,518,1518.1431,475.5766,0.8985254168510437,player
15,broadcast,player_06,1511,434,1554,522,1533.2683,478.56775,0.8949605226516724,player
20,broadcast,player_06,1514,438,1573,525,1544.124,482.28467,0.9090190529823303,player
20,broadcast,player_06,1557,488,1620,577,1589.2671,532.95044,0.9053299427032471,player
25,broadcast,player_06,1544,443,1588,527,1566.3622,485.8784,0.8871863484382629,player
25,broadcast,player_06,1561,529,1588,588,1575.2985,558.9108,0.8354368209838867,player
25,broadcast,player_06,1564,493,1597,565,1580.9751,529.64966,0.633721113204956,player
30,broadcast,player_06,1533,490,1598,583,1565.9011,537.0636,0.8842319846153259,player
30,broadcast,player_06,1538,447,1581,513,1560.1201,480.5114,0.8831372261047363,player
35,broadcast,player_06,1521,488,1574,582,1547.8474,535.593,0.8884810209274292,player
5,broadcast,player_07,1730,588,1766,693,1748.6708,641.1283,0.8747620582580566,player
10,broadcast,player_07,1762,593,1830,704,1796.606,649.18066,0.9000545144081116,player
15,broadcast,player_07,1811,595,1861,704,1836.5111,649.65076,0.8471715450286865,player
20,broadcast,player_07,1850,595,1889,702,1870.158,648.8597,0.8445938229560852,player
25,broadcast,player_07,1873,588,1920,694,1896.745,641.61115,0.8159377574920654,player
30,broadcast,player_07,1900,582,1920,686,1910.2827,634.60974,0.5841266512870789,player
5,broadcast,player_08,1551,482,1607,578,1579.1327,530.3639,0.8710201978683472,player
5,broadcast,player_08,1568,556,1625,659,1597.1349,608.218,0.864547610282898,player
10,broadcast,player_08,1586,569,1649,670,1617.9994,619.92303,0.8763678669929504,player
15,broadcast,player_08,1598,560,1672,665,1635.3237,612.9659,0.9142463803291321,player
20,broadcast,player_08,1617,562,1661,660,1639.1951,611.38605,0.8075909614562988,player
25,broadcast,player_08,1608,558,1689,659,1649.1211,609.3027,0.9098557233810425,player
30,broadcast,player_08,1605,556,1664,666,1634.937,611.7154,0.9169562458992004,player
35,broadcast,player_08,1594,559,1642,662,1618.7377,610.97186,0.857235312461853,player
40,broadcast,player_08,1577,559,1657,661,1617.2128,610.26587,0.9192968606948853,player
45,broadcast,player_08,1577,564,1628,666,1603.1083,615.59607,0.8911592960357666,player
50,broadcast,player_08,1572,566,1644,668,1608.8177,617.1336,0.906784176826477,player
55,broadcast,player_08,1571,566,1629,678,1600.5151,622.34973,0.9055690765380859,player
60,broadcast,player_08,1560,573,1623,676,1592.0848,625.04333,0.9011611342430115,player
65,broadcast,player_08,1540,571,1603,674,1571.7744,622.7971,0.9158167839050293,player
70,broadcast,player_08,1534,576,1568,676,1551.7744,626.49243,0.9091380834579468,player
75,broadcast,player_08,1511,573,1578,669,1544.7935,621.4354,0.9103115200996399,player
80,broadcast,player_08,1521,573,1570,673,1545.9729,623.3795,0.8944198489189148,player
85,broadcast,player_08,1558,570,1630,677,1594.5172,623.74493,0.8961672782897949,player
85,broadcast,player_08,1545,508,1586,596,1565.8429,552.17694,0.8895635008811951,player
90,broadcast,player_08,1529,480,1574,554,1551.8884,517.5569,0.6758707165718079,player
95,broadcast,player_08,1595,501,1627,604,1611.3329,553.0662,0.8705740571022034,player
95,broadcast,player_08,1566,492,1603,565,1584.9602,529.0183,0.8111532926559448,player
100,broadcast,player_08,1582,499,1628,584,1605.56,542.04175,0.8927701115608215,player
5,broadcast,player_09,1386,376,1429,449,1408.0062,413.33984,0.7642268538475037,referee
10,broadcast,player_09,1424,392,1455,461,1439.7681,427.26498,0.8442370891571045,referee
15,broadcast,player_09,1459,394,1491,461,1475.5433,427.88943,0.7985324859619141,referee
20,broadcast,player_09,1490,391,1516,462,1503.2544,427.03555,0.8459051847457886,referee
25,broadcast,player_09,1514,394,1537,462,1526.0005,428.42404,0.8185240626335144,referee
15,broadcast,player_10,956,565,998,660,977.49664,612.6717,0.8855134844779968,player
20,broadcast,player_10,986,557,1039,653,1013.35626,605.40326,0.9079921245574951,player
25,broadcast,player_10,986,548,1062,637,1024.6263,593.0969,0.9226214289665222,player
30,broadcast,player_10,999,538,1063,628,1031.3989,583.313,0.9093250036239624,player
35,broadcast,player_10,999,529,1059,623,1029.6693,576.2349,0.9092903137207031,player
40,broadcast,player_10,1020,527,1078,622,1049.8456,575.2726,0.9185828566551208,player
40,broadcast,player_10,968,543,1013,630,990.9608,586.9175,0.9092163443565369,player
45,broadcast,player_10,1018,539,1060,629,1039.8284,584.58563,0.8696374297142029,player
45,broadcast,player_10,1044,526,1088,593,1066.5559,559.5205,0.8289207220077515,player
50,broadcast,player_10,1059,546,1116,635,1087.8667,591.052,0.8928617835044861,player
50,broadcast,player_10,1046,537,1107,624,1077.366,580.7646,0.8202622532844543,player
55,broadcast,player_10,1103,547,1154,637,1129.2466,592.8301,0.8962622880935669,player
55,broadcast,player_10,1071,547,1114,616,1092.9564,581.9138,0.8659879565238953,player
60,broadcast,player_10,1131,551,1174,640,1153.2036,596.2737,0.903581440448761,player
60,broadcast,player_10,1098,547,1140,618,1119.557,583.0039,0.8877654671669006,player
65,broadcast,player_10,1137,551,1210,643,1174.1393,597.79193,0.8999836444854736,player
70,broadcast,player_10,1159,541,1207,644,1183.3723,592.88873,0.8761098384857178,player
70,broadcast,player_10,1191,540,1217,629,1204.3074,584.6615,0.7781992554664612,player
75,broadcast,player_10,1217,532,1255,637,1236.4064,585.4102,0.8752036094665527,player
75,broadcast,player_10,1180,542,1220,641,1200.8318,591.8326,0.8638466000556946,player
80,broadcast,player_10,1217,540,1273,643,1245.678,592.1428,0.9176710247993469,player
80,broadcast,player_10,1280,536,1314,636,1297.2178,586.26843,0.8932679891586304,player
85,broadcast,player_10,1291,535,1324,642,1308.1069,589.1378,0.88851398229599,player
90,broadcast,player_10,1346,548,1406,648,1376.3016,598.39545,0.9168521761894226,player
95,broadcast,player_10,1419,548,1454,655,1437.1421,602.02704,0.8878846168518066,player
100,broadcast,player_10,1444,559,1488,672,1466.7104,616.02356,0.9143729209899902,player
105,broadcast,player_10,1476,578,1514,684,1495.9603,631.3493,0.8984472751617432,player
110,broadcast,player_10,1494,579,1539,693,1516.8995,636.6339,0.9090408682823181,player
115,broadcast,player_10,1504,591,1559,703,1532.0724,647.2583,0.903893768787384,player
120,broadcast,player_10,1518,533,1566,621,1542.5116,577.31635,0.8983400464057922,player
120,broadcast,player_10,1514,590,1553,708,1534.1655,649.7612,0.879253625869751,player
125,broadcast,player_10,1507,597,1555,715,1531.7223,656.28534,0.9113063812255859,player
15,broadcast,player_11,1811,594,1860,704,1835.9607,649.2634,0.8491063117980957,referee
20,broadcast,player_11,1850,594,1890,703,1870.207,648.6961,0.8014616966247559,referee
25,broadcast,player_11,1873,588,1920,695,1896.9897,642.09106,0.749657154083252,referee
30,broadcast,player_11,1899,584,1920,685,1909.9485,635.2671,0.7490911483764648,referee
30,broadcast,player_12,292,510,329,612,311.1034,561.5948,0.7927169799804688,goalkeeper
35,broadcast,player_12,346,510,383,610,364.9628,560.27527,0.5735313296318054,goalkeeper
40,broadcast,player_12,400,519,440,615,420.16223,567.27747,0.8876427412033081,goalkeeper
45,broadcast,player_12,453,526,495,617,474.60748,572.3289,0.8276165723800659,goalkeeper
50,broadcast,player_12,506,533,548,622,527.5051,578.1854,0.6084741353988647,goalkeeper
55,broadcast,player_12,555,535,598,625,577.1467,580.2632,0.8310051560401917,goalkeeper
35,broadcast,player_13,1520,396,1555,463,1538.0349,429.67557,0.7408815026283264,referee
40,broadcast,player_13,1544,398,1571,468,1557.8536,433.59384,0.7534716129302979,referee
45,broadcast,player_13,1567,400,1597,468,1582.9541,434.60294,0.7668501138687134,referee
55,broadcast,player_14,1603,412,1645,478,1624.6044,445.81924,0.8407617807388306,referee
60,broadcast,player_14,1631,413,1667,484,1649.3112,449.1667,0.8750113844871521,referee
65,broadcast,player_14,1651,417,1690,489,1670.7664,453.38104,0.8041344881057739,referee
70,broadcast,player_14,1668,415,1714,490,1691.9088,453.11517,0.8248766660690308,referee
75,broadcast,player_14,1704,418,1744,492,1724.205,455.2165,0.8857529163360596,referee
80,broadcast,player_14,1757,415,1789,491,1773.3812,453.4661,0.8585078120231628,referee
85,broadcast,player_14,1823,424,1869,491,1846.3317,457.65958,0.8634735345840454,referee
60,broadcast,player_15,597,543,639,634,618.80286,588.7998,0.6176548004150391,player
65,broadcast,player_15,630,546,673,636,651.97437,591.6811,0.8750720620155334,player
70,broadcast,player_15,669,548,711,636,690.59143,592.5458,0.7939818501472473,player
75,broadcast,player_15,709,565,751,640,730.51953,602.97424,0.8032835125923157,player
80,broadcast,player_15,770,562,813,641,792.0299,601.91516,0.5431905388832092,player
75,broadcast,player_16,1551,491,1607,554,1579.3861,523.18396,0.7511744499206543,player
80,broadcast,player_16,1593,501,1641,597,1617.2562,549.4832,0.8659723401069641,player
85,broadcast,player_16,1658,505,1710,598,1684.1459,551.90796,0.9062992334365845,player
90,broadcast,player_16,1727,516,1784,608,1756.2125,562.7375,0.9234058260917664,player
95,broadcast,player_16,1795,514,1835,617,1815.946,566.013,0.923315167427063,player
100,broadcast,player_16,1832,528,1878,631,1855.3986,580.154,0.9092281460762024,player
105,broadcast,player_16,1839,550,1911,648,1875.3835,599.4053,0.9187593460083008,player
110,broadcast,player_16,1882,548,1919,655,1900.6765,601.951,0.8801491260528564,player
115,broadcast,player_16,1885,555,1920,658,1902.5284,606.91095,0.8512333035469055,player
120,broadcast,player_16,1887,569,1920,665,1903.6003,617.50507,0.8437363505363464,player
125,broadcast,player_16,1904,566,1920,668,1912.1877,617.1353,0.8405060172080994,player
85,broadcast,player_17,840,563,907,644,874.0276,604.0536,0.8768405318260193,player
90,broadcast,player_17,910,563,977,649,943.9656,606.8095,0.8316057920455933,player
95,broadcast,player_17,935,585,1016,661,976.1437,623.21387,0.8663567304611206,player
90,broadcast,player_18,1619,577,1671,686,1645.2618,631.8199,0.8921900987625122,player
95,broadcast,player_18,1644,595,1713,695,1678.9515,645.42224,0.9152616262435913,player
100,broadcast,player_18,1677,601,1728,713,1702.9651,657.73267,0.8935108780860901,player
100,broadcast,player_18,1713,537,1746,628,1730.0046,582.7305,0.8832829594612122,player
105,broadcast,player_18,1732,539,1779,643,1755.924,591.7628,0.9028258323669434,player
110,broadcast,player_18,1757,562,1801,654,1779.75,608.10974,0.8885355591773987,player
105,broadcast,unmatched_b_18,1681,626,1750,726,1716.1707,676.7593,0.8983360528945923,player
110,broadcast,unmatched_b_18,1697,665,1739,740,1718.6222,703.0651,0.8838416337966919,player
110,broadcast,unmatched_b_18,1696,634,1739,714,1718.0958,674.37805,0.639854907989502,player
115,broadcast,unmatched_b_18,1689,638,1752,748,1720.6003,693.1712,0.9092773199081421,player
120,broadcast,unmatched_b_18,1776,603,1810,720,1793.5231,662.05206,0.8620705604553223,player
120,broadcast,unmatched_b_18,1800,558,1838,661,1819.6384,610.01605,0.8540583252906799,player
125,broadcast,unmatched_b_18,1783,607,1832,725,1808.0815,666.4499,0.8647264242172241,player
125,broadcast,unmatched_b_18,1796,560,1835,622,1816.2023,591.1874,0.8156823515892029,player
0,tacticam,player_10,314,526,366,590,340.66553,558.4352,0.9257314205169678,player
5,tacticam,player_10,301,521,344,589,322.7154,555.4472,0.9180544018745422,player
10,tacticam,player_10,297,514,326,579,311.9951,547.1397,0.874324381351471,player
15,tacticam,player_10,290,507,337,573,314.15582,540.44604,0.923593282699585,player
20,tacticam,player_10,291,500,328,565,309.8817,533.058,0.9088677167892456,player
25,tacticam,player_10,303,490,345,551,324.6556,520.766,0.9240218997001648,player
30,tacticam,player_10,320,482,359,546,339.85056,514.79395,0.9156955480575562,player
35,tacticam,player_10,330,478,364,535,347.49832,507.13,0.9094564318656921,player
40,tacticam,player_10,344,467,388,524,366.69324,495.73627,0.9135680794715881,player
40,tacticam,player_10,352,386,400,448,376.84583,417.44373,0.8684207201004028,player
40,tacticam,player_10,349,371,401,439,375.52682,405.296,0.7202599048614502,player
45,tacticam,player_10,365,397,401,447,383.3887,422.80215,0.8774798512458801,player
45,tacticam,player_10,349,370,377,428,363.24362,399.5916,0.8689926266670227,player
50,tacticam,player_10,376,397,405,452,390.70056,424.6279,0.8802438974380493,player
50,tacticam,player_10,359,370,383,427,371.22382,399.30084,0.8798704147338867,player
55,tacticam,player_10,386,401,426,453,406.6966,427.928,0.9025790691375732,player
55,tacticam,player_10,370,372,395,423,382.5979,398.0694,0.8256289958953857,player
60,tacticam,player_10,405,395,438,446,422.08435,420.63367,0.9241851568222046,player
60,tacticam,player_10,405,446,435,499,420.23218,472.63275,0.9100291728973389,player
60,tacticam,player_10,382,373,407,425,394.94403,399.58292,0.8918757438659668,player
65,tacticam,player_10,384,375,424,432,404.86514,403.99503,0.9076820015907288,player
65,tacticam,player_10,432,384,465,435,448.83078,409.67294,0.8962411284446716,player
65,tacticam,player_10,414,441,447,491,430.74713,466.40448,0.8931657075881958,player
70,tacticam,player_10,427,432,465,480,446.5586,456.80063,0.9373569488525391,player
70,tacticam,player_10,400,378,429,428,414.85263,403.10706,0.917356014251709,player
70,tacticam,player_10,451,376,480,424,465.92496,400.47784,0.8714921474456787,player
75,tacticam,player_10,432,428,459,481,445.90448,454.8235,0.8910218477249146,player
75,tacticam,player_10,406,373,429,423,418.10614,398.60266,0.8883777260780334,player
75,tacticam,player_10,464,368,493,414,478.80185,391.2214,0.7225170731544495,player
80,tacticam,player_10,426,423,460,470,443.6478,446.88654,0.9103107452392578,player
80,tacticam,player_10,403,364,433,415,418.46512,389.8017,0.8946042060852051,player
80,tacticam,player_10,467,356,496,400,481.99905,378.25168,0.8706679344177246,player
85,tacticam,player_10,422,413,453,463,438.12708,438.34473,0.9218461513519287,player
85,tacticam,player_10,416,350,436,401,426.5271,376.27908,0.8904643654823303,player
85,tacticam,player_10,465,345,490,391,477.75443,368.43262,0.8878467679023743,player
90,tacticam,player_10,460,332,487,377,473.74576,354.87122,0.8997173309326172,player
90,tacticam,player_10,419,341,443,391,431.4756,366.6271,0.5215315818786621,player
95,tacticam,player_10,458,321,489,361,473.97992,341.64975,0.9055485725402832,player
95,tacticam,player_10,426,337,454,378,440.40765,357.94635,0.9032753705978394,player
100,tacticam,player_10,418,394,444,444,431.35162,419.5338,0.8891847729682922,player
105,tacticam,player_10,411,385,439,432,425.5436,408.801,0.9185367226600647,player
110,tacticam,player_10,396,384,429,430,413.34338,407.77386,0.919406533241272,player
115,tacticam,player_10,380,377,415,427,398.1799,402.28326,0.9219202995300293,player
120,tacticam,player_10,364,376,384,426,374.687,401.77466,0.9084832072257996,player
125,tacticam,player_10,339,375,381,423,360.2641,399.581,0.9206269383430481,player
130,tacticam,player_10,338,374,360,422,349.27853,398.5686,0.913001537322998,player
135,tacticam,player_10,321,376,360,423,341.03677,400.18274,0.9186492562294006,player
135,tacticam,player_10,255,415,286,460,270.75055,437.71167,0.9148939847946167,player
140,tacticam,player_10,241,403,265,450,253.54056,427.0373,0.8946567177772522,player
145,tacticam,player_10,234,396,262,439,248.29959,417.74567,0.9139968156814575,player
145,tacticam,player_10,238,321,278,359,258.64325,340.54346,0.6579576730728149,player
150,tacticam,player_10,225,396,263,433,244.55269,414.98218,0.9132876396179199,player
150,tacticam,player_10,253,325,279,362,266.5264,343.74765,0.6803330183029175,player
155,tacticam,player_10,212,401,263,430,237.73471,416.01312,0.8898888230323792,player
155,tacticam,player_10,254,333,284,366,269.90906,349.71457,0.7550187110900879,player
160,tacticam,player_10,322,364,346,410,334.40942,387.1063,0.7978166341781616,player
160,tacticam,player_10,246,337,289,371,268.04013,354.2958,0.7870942950248718,player
0,tacticam,unmatched_t_1,1716,320,1748,383,1732.6948,352.30566,0.9225878715515137,player
5,tacticam,unmatched_t_1,1715,323,1743,383,1729.7384,353.586,0.7252072095870972,player
10,tacticam,unmatched_t_1,1704,322,1744,386,1724.5587,354.28052,0.9169976115226746,player
15,tacticam,unmatched_t_1,1712,326,1735,387,1723.8212,357.29596,0.8918436169624329,player
20,tacticam,unmatched_t_1,1700,327,1747,389,1724.0024,358.65656,0.9220081567764282,player
25,tacticam,unmatched_t_1,1709,334,1730,395,1719.9174,364.98877,0.89653480052948,player
30,tacticam,unmatched_t_1,1692,339,1732,399,1712.7023,369.59692,0.9223436713218689,player
35,tacticam,unmatched_t_1,1693,345,1720,405,1707.312,375.2643,0.9111611843109131,player
40,tacticam,unmatched_t_1,1688,351,1721,409,1705.0645,380.73108,0.8975818753242493,player
45,tacticam,unmatched_t_1,1689,353,1722,413,1705.5516,383.62363,0.9075170755386353,player
50,tacticam,unmatched_t_1,1699,361,1720,416,1709.9424,389.31363,0.8936671614646912,player
55,tacticam,unmatched_t_1,1701,363,1738,421,1719.8566,392.54782,0.9354152083396912,player
60,tacticam,unmatched_t_1,1725,370,1744,425,1735.2012,398.0007,0.8910423517227173,player
65,tacticam,unmatched_t_1,1728,375,1762,430,1745.358,402.9796,0.9260478615760803,player
70,tacticam,unmatched_t_1,1741,380,1761,434,1751.8685,407.27737,0.926131546497345,player
75,tacticam,unmatched_t_1,1740,384,1771,437,1756.1184,411.03122,0.918728232383728,player
80,tacticam,unmatched_t_1,1749,386,1772,439,1760.9008,412.84708,0.901012659072876,player
85,tacticam,unmatched_t_1,1761,388,1785,440,1773.6877,414.7457,0.9123883247375488,player
90,tacticam,unmatched_t_1,1771,388,1798,441,1785.4427,414.96698,0.9175648093223572,player
95,tacticam,unmatched_t_1,1792,391,1816,443,1804.426,417.39294,0.9097007513046265,player
100,tacticam,unmatched_t_1,1800,390,1828,444,1814.662,417.41693,0.9200950860977173,player
105,tacticam,unmatched_t_1,1808,388,1840,442,1824.7982,415.86896,0.9100033044815063,player
0,tacticam,player_03,1133,480,1175,543,1154.6743,511.88617,0.9221757054328918,player
5,tacticam,player_03,1128,481,1156,543,1142.4319,512.46484,0.9131002426147461,player
10,tacticam,player_03,1116,480,1153,544,1134.798,512.4477,0.9284600615501404,player
15,tacticam,player_03,1112,480,1145,542,1129.435,511.60114,0.9164971113204956,player
20,tacticam,player_03,1113,483,1136,542,1125.0295,512.94226,0.8766065239906311,player
25,tacticam,player_03,1104,480,1137,541,1121.2588,510.82285,0.9223859906196594,player
30,tacticam,player_03,1103,480,1134,540,1118.8835,510.50226,0.9128535389900208,player
35,tacticam,player_03,1102,481,1125,538,1114.3691,510.28906,0.8967496752738953,player
40,tacticam,player_03,1101,479,1136,535,1118.8269,507.7677,0.9220877885818481,player
45,tacticam,player_03,1099,480,1132,534,1115.8242,507.46533,0.9212424159049988,player
50,tacticam,player_03,1102,482,1126,534,1114.2266,508.26462,0.9078788161277771,player
55,tacticam,player_03,1102,480,1133,529,1117.5597,505.47784,0.9181885123252869,player
60,tacticam,player_03,1101,483,1141,529,1121.5996,506.4279,0.9236109852790833,player
65,tacticam,player_03,1102,480,1138,526,1120.3899,503.52744,0.9256002902984619,player
70,tacticam,player_03,1094,474,1127,524,1110.6105,499.87115,0.9200100898742676,player
75,tacticam,player_03,1080,473,1104,523,1092.6162,498.5052,0.9069440960884094,player
80,tacticam,player_03,1067,469,1092,518,1079.7369,493.85568,0.8348574638366699,player
85,tacticam,player_03,1047,464,1083,510,1065.3512,487.61288,0.9188634753227234,player
90,tacticam,player_03,1035,460,1065,510,1050.6388,485.2337,0.9107730984687805,player
95,tacticam,player_03,1024,457,1042,510,1033.3508,483.94043,0.8862231373786926,player
100,tacticam,player_03,1005,451,1035,502,1020.7207,477.04285,0.9089123010635376,player
105,tacticam,player_03,981,443,1015,492,998.0268,467.9197,0.9138727784156799,player
110,tacticam,player_03,957,440,984,491,970.9608,466.31403,0.9124699234962463,player
115,tacticam,player_03,930,434,951,483,941.13885,459.11734,0.8586269021034241,player
120,tacticam,player_03,894,431,931,479,912.8022,455.37323,0.9174084067344666,player
125,tacticam,player_03,872,427,901,475,886.83594,451.10925,0.9109582304954529,player
130,tacticam,player_03,854,425,880,475,867.0972,450.17053,0.8898811340332031,player
135,tacticam,player_03,835,420,865,468,850.4292,444.65176,0.9192321300506592,player
140,tacticam,player_03,823,418,849,466,836.0758,442.36002,0.9094520807266235,player
145,tacticam,player_03,815,415,837,464,826.3783,439.82867,0.9035966992378235,player
150,tacticam,player_03,803,411,833,459,818.39484,435.38745,0.9178246259689331,player
155,tacticam,player_03,801,410,819,454,810.2438,432.43665,0.9039660692214966,player
160,tacticam,player_03,794,409,817,454,805.81775,431.935,0.9283284544944763,player
165,tacticam,player_03,793,404,817,451,805.24786,428.2945,0.9017810225486755,player
170,tacticam,player_03,791,406,815,454,803.62976,430.42722,0.9075279235839844,player
175,tacticam,player_03,786,400,807,448,796.87866,424.4522,0.8927790522575378,player
180,tacticam,player_03,780,401,804,447,792.6482,424.75885,0.8850597739219666,player
185,tacticam,player_03,785,403,807,449,796.4059,426.36658,0.8837404251098633,player
190,tacticam,player_03,792,400,810,448,801.7849,424.5585,0.885057270526886,player
195,tacticam,player_03,799,397,815,447,807.19556,422.6076,0.8919520974159241,player
0,tacticam,player_17,928,197,967,247,948.09357,222.60239,0.919962465763092,player
0,tacticam,player_17,936,268,959,326,948.1049,297.56586,0.9076815843582153,player
5,tacticam,player_17,932,266,967,327,949.9019,296.81427,0.9260027408599854,player
5,tacticam,player_17,924,198,956,247,940.5653,222.80411,0.8640901446342468,player
5,tacticam,player_17,874,146,905,188,889.99365,167.11258,0.8086562156677246,player
5,tacticam,player_17,899,157,929,205,914.4939,181.49602,0.7695335149765015,player
10,tacticam,player_17,855,148,891,188,873.4717,168.54053,0.9083311557769775,player
10,tacticam,player_17,893,156,921,205,907.1748,180.7446,0.8641539216041565,player
15,tacticam,player_17,839,148,868,191,853.8298,169.85442,0.9231372475624084,player
15,tacticam,player_17,886,155,924,204,905.6153,180.08519,0.9167045950889587,player
15,tacticam,player_17,916,198,951,246,934.01697,222.91599,0.91590416431427,player
20,tacticam,player_17,890,158,920,205,905.2884,182.02335,0.8873736262321472,player
20,tacticam,player_17,920,205,945,250,932.76965,227.92589,0.8646249175071716,player
25,tacticam,player_17,921,209,952,255,936.88904,232.32632,0.8857510685920715,player
25,tacticam,player_17,890,165,919,213,905.207,189.59244,0.8555258512496948,player
30,tacticam,player_17,922,217,957,260,940.12445,238.82709,0.9153216481208801,player
30,tacticam,player_17,973,163,1005,208,989.39484,186.12479,0.8938771486282349,player
35,tacticam,player_17,927,226,952,269,939.76416,247.9259,0.8763651251792908,player
35,tacticam,player_17,970,176,992,218,981.5337,197.1941,0.8717937469482422,player
40,tacticam,player_17,963,179,995,222,979.72955,201.37119,0.9208436012268066,player
40,tacticam,player_17,929,233,960,276,944.9196,254.94312,0.8936643004417419,player
40,tacticam,player_17,897,190,921,231,909.10443,210.54272,0.8833820223808289,player
45,tacticam,player_17,958,185,993,227,976.0896,206.54114,0.9121647477149963,player
45,tacticam,player_17,895,193,927,237,911.86365,215.61969,0.909603476524353,player
45,tacticam,player_17,930,238,964,279,947.1427,259.0378,0.9072786569595337,player
50,tacticam,player_17,936,243,965,287,951.2133,265.42712,0.9220114946365356,player
50,tacticam,player_17,901,196,936,240,918.87946,218.57845,0.9216545224189758,player
50,tacticam,player_17,959,190,985,233,972.6764,211.90038,0.896900475025177,player
55,tacticam,player_17,912,201,935,245,923.63617,223.72398,0.8879376649856567,player
55,tacticam,player_17,965,195,985,239,975.13947,217.48523,0.8839640021324158,player
55,tacticam,player_17,948,249,974,294,961.15796,272.0887,0.8131080269813538,player
60,tacticam,player_17,962,199,997,240,980.0982,220.22552,0.9134436845779419,player
60,tacticam,player_17,952,252,989,296,971.4164,274.4036,0.9037299156188965,player
60,tacticam,player_17,920,205,945,251,932.77313,228.3696,0.8827642202377319,player
65,tacticam,player_17,970,204,999,246,985.3799,225.61913,0.8856452703475952,player
65,tacticam,player_17,964,256,988,300,976.709,278.30176,0.8825173377990723,player
65,tacticam,player_17,926,209,958,253,942.47076,231.63611,0.8815394639968872,player
70,tacticam,player_17,932,216,954,258,943.4667,237.30835,0.8599456548690796,player
70,tacticam,player_17,972,210,991,254,982.27515,232.15616,0.8395954370498657,player
70,tacticam,player_17,968,263,997,307,982.7429,285.7616,0.8381984829902649,player
75,tacticam,player_17,967,265,997,311,982.5445,288.49347,0.9077677130699158,player
75,tacticam,player_17,929,221,944,264,936.8172,243.14905,0.8917023539543152,player
75,tacticam,player_17,961,216,986,255,974.0189,236.34741,0.8772086501121521,player
80,tacticam,player_17,951,217,983,255,967.8032,236.17941,0.8843576312065125,player
80,tacticam,player_17,920,223,953,264,936.7628,243.82143,0.873210608959198,player
80,tacticam,player_17,971,269,987,312,979.56665,290.94397,0.8213159441947937,player
85,tacticam,player_17,964,268,995,311,980.246,290.17346,0.9231967926025391,player
85,tacticam,player_17,920,223,940,263,930.79956,243.18115,0.8788298964500427,player
85,tacticam,player_17,945,216,966,257,956.0574,236.98856,0.734605073928833,player
90,tacticam,player_17,973,267,993,311,983.1576,289.63834,0.9049334526062012,player
90,tacticam,player_17,913,223,940,264,927.21094,244.11316,0.8861138224601746,player
90,tacticam,player_17,936,217,961,256,949.14185,237.10394,0.8485459089279175,player
95,tacticam,player_17,912,222,940,263,926.5265,243.1282,0.9000164866447449,player
95,tacticam,player_17,931,215,959,258,945.24896,236.97537,0.8858487010002136,player
95,tacticam,player_17,973,270,999,312,986.11633,291.52542,0.8665698170661926,player
100,tacticam,player_17,974,267,1000,311,987.5275,289.5109,0.8999755382537842,player
100,tacticam,player_17,913,221,930,265,922.2801,243.4932,0.8523524403572083,player
100,tacticam,player_17,923,215,943,258,933.47955,237.22571,0.7996272444725037,player
105,tacticam,player_17,900,212,929,263,915.21277,238.1369,0.899099588394165,player
110,tacticam,player_17,958,265,988,307,973.66907,286.458,0.9213384389877319,player
0,tacticam,player_16,901,573,942,639,922.04425,606.34094,0.918612003326416,player
5,tacticam,player_16,877,574,928,637,903.10913,606.0802,0.9125003814697266,player
10,tacticam,player_16,857,576,896,640,876.7547,608.4699,0.9146288633346558,player
15,tacticam,player_16,846,574,889,639,867.86664,606.8071,0.9089317917823792,player
20,tacticam,player_16,827,569,880,632,854.0103,601.3319,0.9162001013755798,player
25,tacticam,player_16,818,566,851,632,835.1065,599.05994,0.9149819016456604,player
30,tacticam,player_16,812,561,847,623,830.3203,592.5597,0.9173176884651184,player
35,tacticam,player_16,798,554,851,613,824.95294,584.07056,0.927832841873169,player
40,tacticam,player_16,795,550,829,611,812.3722,580.8524,0.9199995398521423,player
45,tacticam,player_16,789,545,822,601,806.057,573.5631,0.9004278182983398,player
50,tacticam,player_16,777,538,828,589,803.2432,564.18066,0.9136443138122559,player
55,tacticam,player_16,782,530,819,589,801.2711,560.32434,0.9261719584465027,player
60,tacticam,player_16,784,526,813,581,799.0351,553.9737,0.9048329591751099,player
65,tacticam,player_16,778,519,826,571,802.62036,545.71497,0.9219757914543152,player
70,tacticam,player_16,769,514,816,569,792.6641,541.9815,0.9137353897094727,player
75,tacticam,player_16,761,511,800,563,780.7029,537.4038,0.9081506729125977,player
80,tacticam,player_16,754,503,801,552,778.4376,528.21985,0.9313439130783081,player
85,tacticam,player_16,747,498,779,552,763.6797,525.3047,0.9247500896453857,player
90,tacticam,player_16,738,495,768,542,753.64233,518.99945,0.9182301163673401,player
95,tacticam,player_16,724,487,767,536,745.8812,511.85605,0.907917857170105,player
100,tacticam,player_16,714,482,744,534,729.26294,508.51584,0.9066399335861206,player
105,tacticam,player_16,697,473,735,522,716.4867,497.81122,0.9182851314544678,player
110,tacticam,player_16,678,469,708,522,693.84357,496.28876,0.9249130487442017,player
115,tacticam,player_16,655,464,688,514,672.30994,489.8171,0.901240348815918,player
120,tacticam,player_16,631,462,663,513,647.4005,488.08548,0.9058636426925659,player
125,tacticam,player_16,612,457,633,513,622.8536,485.14346,0.7869496941566467,player
130,tacticam,player_16,588,457,631,505,610.2396,481.46906,0.9304003715515137,player
135,tacticam,player_16,592,456,610,505,601.1312,481.2387,0.9135066270828247,player
140,tacticam,player_16,577,451,605,504,591.23486,477.75415,0.9189892411231995,player
145,tacticam,player_16,574,451,600,502,587.6245,477.19638,0.9221456050872803,player
150,tacticam,player_16,577,451,601,499,589.26465,475.5204,0.9062755703926086,player
155,tacticam,player_16,577,446,606,500,591.72345,473.50296,0.8951625823974609,player
160,tacticam,player_16,588,445,608,497,598.5996,471.66943,0.8795770406723022,player
165,tacticam,player_16,587,441,613,494,600.3118,468.05457,0.8995681405067444,player
170,tacticam,player_16,590,443,623,495,606.9556,469.84076,0.9191798567771912,player
175,tacticam,player_16,594,443,613,494,604.3071,469.00287,0.879534125328064,player
180,tacticam,player_16,584,443,613,495,599.0008,469.27814,0.9186381697654724,player
185,tacticam,player_16,589,442,612,494,601.2398,468.71265,0.9003811478614807,player
190,tacticam,player_16,587,442,609,494,598.4314,468.56195,0.8997275233268738,player
195,tacticam,player_16,580,442,615,495,598.0501,469.21262,0.9050496220588684,player
200,tacticam,player_16,582,443,603,495,593.00366,469.38913,0.9067520499229431,player
0,tacticam,player_18,1131,344,1168,403,1150.04,373.67743,0.917723536491394,player
5,tacticam,player_18,1134,348,1156,405,1145.5779,377.25668,0.8890818357467651,player
10,tacticam,player_18,1124,348,1165,406,1144.8203,377.30685,0.9280703663825989,player
15,tacticam,player_18,1133,351,1154,408,1143.9316,379.8706,0.8925171494483948,player
20,tacticam,player_18,1132,355,1168,413,1150.5436,384.32867,0.9141014814376831,player
25,tacticam,player_18,1142,361,1168,415,1155.3441,388.4642,0.9156219959259033,player
30,tacticam,player_18,1147,364,1179,418,1163.3416,391.51895,0.9136852025985718,player
35,tacticam,player_18,1153,368,1181,421,1167.6792,394.90366,0.9012545347213745,player
40,tacticam,player_18,1164,373,1193,427,1178.5381,400.5481,0.9015192985534668,player
45,tacticam,player_18,1173,375,1198,428,1186.4565,402.33014,0.9101956486701965,player
50,tacticam,player_18,1186,382,1214,433,1200.5718,407.6683,0.834900975227356,player
55,tacticam,player_18,1202,383,1229,432,1215.9609,408.34088,0.9186401963233948,player
60,tacticam,player_18,1223,388,1247,436,1235.1586,412.53925,0.904918909072876,player
65,tacticam,player_18,1236,388,1265,440,1250.8037,414.06802,0.927903950214386,player
70,tacticam,player_18,1251,393,1268,441,1259.9045,417.06638,0.9006109237670898,player
75,tacticam,player_18,1252,394,1281,440,1266.952,417.5712,0.9229468107223511,player
80,tacticam,player_18,1261,396,1279,442,1270.608,419.87146,0.9061315655708313,player
85,tacticam,player_18,1264,393,1297,441,1281.1509,417.7188,0.9145318269729614,player
90,tacticam,player_18,1277,393,1296,439,1286.9011,416.5542,0.8939462304115295,player
95,tacticam,player_18,1284,393,1306,447,1295.4576,420.284,0.5705560445785522,player
100,tacticam,player_18,1289,391,1310,439,1299.972,415.682,0.8871077299118042,player
105,tacticam,player_18,1287,389,1312,435,1300.1155,412.385,0.899355411529541,player
110,tacticam,player_18,1282,388,1303,436,1292.904,412.16602,0.8915324211120605,player
115,tacticam,player_18,1273,387,1296,433,1284.9418,410.32956,0.9027746319770813,player
120,tacticam,player_18,1261,386,1285,434,1273.5839,410.2718,0.8927000761032104,player
125,tacticam,player_18,1255,389,1276,434,1266.0703,412.06915,0.8917005658149719,player
130,tacticam,player_18,1252,387,1277,436,1264.894,411.82913,0.9099168181419373,player
135,tacticam,player_18,1257,390,1278,436,1267.6915,413.60498,0.8939369916915894,player
140,tacticam,player_18,1256,387,1280,437,1268.3098,412.3896,0.9131852984428406,player
145,tacticam,player_18,1264,390,1280,436,1272.3945,413.22455,0.915060818195343,player
150,tacticam,player_18,1268,390,1293,438,1280.5214,414.87616,0.908778965473175,player
155,tacticam,player_18,1281,391,1297,440,1289.4519,415.75287,0.8898623585700989,player
160,tacticam,player_18,1283,394,1312,442,1298.3624,418.27826,0.9221013784408569,player
165,tacticam,player_18,1297,393,1317,442,1307.4038,418.1626,0.8967416286468506,player
170,tacticam,player_18,1302,395,1324,445,1313.1873,420.6524,0.9021224975585938,player
175,tacticam,player_18,1302,398,1327,447,1314.8096,422.64203,0.9091880321502686,player
180,tacticam,player_18,1304,397,1320,447,1312.526,422.7094,0.8805882930755615,player
185,tacticam,player_18,1301,398,1326,446,1314.0237,422.69794,0.9079240560531616,player
190,tacticam,player_18,1308,399,1327,446,1317.5936,423.08716,0.9066343307495117,player
195,tacticam,player_18,1307,398,1325,447,1316.6672,423.0282,0.8900192975997925,player
200,tacticam,player_18,1306,399,1329,449,1318.0946,424.86917,0.8908171057701111,player
0,tacticam,player_01,1659,461,1695,524,1677.4625,492.74323,0.9137445688247681,player
5,tacticam,player_01,1664,462,1694,523,1679.295,492.79816,0.9104804396629333,player
10,tacticam,player_01,1663,461,1703,524,1683.223,492.8672,0.9226969480514526,player
15,tacticam,player_01,1671,463,1699,526,1685.6262,495.1378,0.9178074598312378,player
20,tacticam,player_01,1671,464,1711,527,1691.3309,496.35736,0.9158501029014587,player
25,tacticam,player_01,1672,468,1703,529,1687.7267,499.19788,0.9119930863380432,player
30,tacticam,player_01,1664,472,1699,531,1682.0247,501.67548,0.901995062828064,player
35,tacticam,player_01,1659,473,1691,533,1675.1289,503.34766,0.9173952341079712,player
40,tacticam,player_01,1657,479,1686,535,1671.9481,507.3463,0.9025861024856567,player
45,tacticam,player_01,1652,480,1690,538,1671.7051,509.1101,0.9272290468215942,player
50,tacticam,player_01,1655,484,1680,541,1668.2552,513.1269,0.9119321703910828,player
55,tacticam,player_01,1653,484,1695,541,1674.4634,512.8578,0.9241657257080078,player
60,tacticam,player_01,1667,488,1691,544,1679.539,516.4191,0.7092527747154236,player
65,tacticam,player_01,1665,491,1705,542,1685.7177,516.9073,0.916446328163147,player
70,tacticam,player_01,1667,487,1694,548,1680.9357,517.88763,0.8886409401893616,player
75,tacticam,player_01,1657,492,1682,547,1669.9369,519.74634,0.8948585391044617,player
80,tacticam,player_01,1658,491,1686,546,1672.5308,519.09143,0.9194726347923279,player
85,tacticam,player_01,1661,492,1688,545,1675.0021,518.8231,0.9059394598007202,player
90,tacticam,player_01,1661,489,1694,544,1678.0382,516.9605,0.9227278232574463,player
95,tacticam,player_01,1670,490,1693,543,1681.8955,517.3801,0.8359183669090271,player
100,tacticam,player_01,1662,487,1700,542,1681.4019,515.33875,0.915402352809906,player
105,tacticam,player_01,1664,485,1686,539,1675.3074,512.37305,0.8931509852409363,player
110,tacticam,player_01,1641,482,1684,537,1663.1975,509.7572,0.9202858805656433,player
115,tacticam,player_01,1638,478,1661,533,1649.8887,506.11005,0.8865528106689453,player
120,tacticam,player_01,1616,479,1654,531,1635.7015,505.3503,0.9112818241119385,player
125,tacticam,player_01,1609,475,1633,532,1621.5897,504.02225,0.9013420939445496,player
130,tacticam,player_01,1601,477,1633,529,1617.7599,503.65823,0.9165953397750854,player
135,tacticam,player_01,1600,473,1623,529,1611.8047,501.45483,0.8888380527496338,player
140,tacticam,player_01,1594,476,1626,528,1610.491,502.15173,0.8963967561721802,player
145,tacticam,player_01,1594,471,1619,528,1607.0574,500.0,0.9073647260665894,player
150,tacticam,player_01,1592,475,1626,530,1609.2382,502.86172,0.8976835608482361,player
155,tacticam,player_01,1606,472,1626,529,1616.699,500.53583,0.9054338932037354,player
160,tacticam,player_01,1604,475,1641,529,1623.3787,502.31964,0.927387535572052,player
165,tacticam,player_01,1616,481,1654,531,1635.8334,506.5405,0.9124775528907776,player
170,tacticam,player_01,1615,484,1645,532,1630.7666,508.58588,0.8953327536582947,player
175,tacticam,player_01,1598,477,1638,526,1618.043,502.25006,0.9184793829917908,player
180,tacticam,player_01,1583,471,1621,522,1602.3068,497.13104,0.9220787882804871,player
185,tacticam,player_01,1566,470,1593,521,1580.0109,495.76505,0.9108113646507263,player
190,tacticam,player_01,1550,464,1582,512,1566.5208,488.58514,0.9111162424087524,player
195,tacticam,player_01,1525,462,1564,508,1545.0417,485.39728,0.920018196105957,player
200,tacticam,player_01,1481,452,1518,499,1499.679,476.11035,0.891590416431427,player
0,tacticam,player_06,1298,810,1329,889,1313.7374,849.8212,0.9126642942428589,player
5,tacticam,player_06,1292,811,1338,889,1315.893,850.4639,0.9116494655609131,player
10,tacticam,player_06,1306,811,1346,888,1326.7705,849.74084,0.9249721169471741,player
15,tacticam,player_06,1315,807,1343,887,1329.6736,847.51447,0.9074023365974426,player
20,tacticam,player_06,1318,808,1366,883,1342.4708,846.1115,0.9230650067329407,player
25,tacticam,player_06,1319,805,1364,877,1342.2422,841.47253,0.9124044179916382,player
30,tacticam,player_06,1327,793,1368,867,1348.4019,830.61566,0.9255810976028442,player
35,tacticam,player_06,1333,788,1362,859,1348.0796,824.2429,0.9166067242622375,player
40,tacticam,player_06,1333,781,1376,849,1354.8875,815.0925,0.9248424768447876,player
45,tacticam,player_06,1337,774,1372,844,1355.3141,809.2941,0.9105514287948608,player
50,tacticam,player_06,1349,767,1383,836,1366.822,802.1393,0.9073708653450012,player
55,tacticam,player_06,1361,759,1392,828,1376.5941,794.2108,0.9199762344360352,player
60,tacticam,player_06,1373,758,1408,822,1391.153,790.61237,0.9127691984176636,player
65,tacticam,player_06,1381,749,1415,818,1398.737,783.86115,0.9306463599205017,player
70,tacticam,player_06,1391,746,1415,807,1403.1453,777.25305,0.9198938012123108,player
75,tacticam,player_06,1385,735,1423,802,1404.4551,769.0547,0.9210824370384216,player
80,tacticam,player_06,1391,734,1417,797,1404.5544,765.71814,0.913030743598938,player
85,tacticam,player_06,1393,726,1429,792,1411.8203,759.6211,0.9226114153862,player
90,tacticam,player_06,1405,723,1426,788,1415.8824,756.29456,0.9286186695098877,player
95,tacticam,player_06,1406,720,1445,783,1426.1028,752.0166,0.9247166514396667,player
100,tacticam,player_06,1413,715,1441,780,1427.4216,748.2605,0.9144667983055115,player
105,tacticam,player_06,1412,707,1442,770,1427.3047,738.8652,0.9174887537956238,player
110,tacticam,player_06,1405,703,1430,767,1418.2266,735.4409,0.9151378273963928,player
115,tacticam,player_06,1396,697,1429,757,1412.6763,727.6312,0.928954541683197,player
120,tacticam,player_06,1385,690,1412,756,1398.8987,723.76666,0.9137012362480164,player
125,tacticam,player_06,1380,688,1405,750,1392.9525,719.07745,0.8699952960014343,player
130,tacticam,player_06,1376,682,1403,747,1390.116,715.2186,0.9132440686225891,player
135,tacticam,player_06,1382,683,1406,741,1394.602,712.6194,0.9160329103469849,player
140,tacticam,player_06,1380,676,1410,741,1395.4387,708.7008,0.9323031306266785,player
145,tacticam,player_06,1389,675,1411,735,1400.4958,705.5394,0.9082644581794739,player
150,tacticam,player_06,1386,672,1422,735,1404.6482,703.93677,0.9175947308540344,player
155,tacticam,player_06,1402,671,1434,732,1418.6604,702.1075,0.9317561388015747,player
160,tacticam,player_06,1406,670,1436,731,1421.397,701.3055,0.9159088730812073,player
165,tacticam,player_06,1411,662,1449,731,1430.3352,697.1035,0.9157260060310364,player
170,tacticam,player_06,1420,656,1454,725,1437.539,690.72766,0.8963054418563843,player
175,tacticam,player_06,1413,654,1450,725,1431.9778,689.9237,0.9133532643318176,player
180,tacticam,player_06,1412,649,1449,719,1430.9674,684.7299,0.9124165177345276,player
185,tacticam,player_06,1408,649,1444,717,1426.6934,683.4861,0.8990363478660583,player
190,tacticam,player_06,1409,644,1446,716,1428.1066,680.1571,0.9078505635261536,player
195,tacticam,player_06,1406,643,1439,707,1423.0408,675.8278,0.9091050028800964,player
200,tacticam,player_06,1396,647,1439,703,1418.1333,675.69604,0.924192488193512,player
0,tacticam,player_04,361,377,391,433,376.45084,405.6643,0.9111796617507935,player
5,tacticam,player_04,352,372,401,424,377.29178,398.56512,0.9084985852241516,player
10,tacticam,player_04,341,368,387,422,364.53833,395.66754,0.9178568720817566,player
15,tacticam,player_04,336,364,377,417,357.07684,390.7623,0.8940961956977844,player
20,tacticam,player_04,333,364,387,418,360.16418,391.53928,0.9317873120307922,player
20,tacticam,player_04,305,413,342,468,324.02094,440.90784,0.9304624199867249,player
25,tacticam,player_04,314,409,359,467,337.0658,438.13284,0.9186118245124817,player
25,tacticam,player_04,335,365,374,421,355.06067,393.79614,0.887483537197113,player
30,tacticam,player_04,336,405,368,455,352.67752,430.5098,0.8981768488883972,player
30,tacticam,player_04,340,366,377,413,358.9824,390.03424,0.8843786120414734,player
35,tacticam,player_04,345,399,390,450,368.09387,425.06366,0.8647853136062622,player
35,tacticam,player_04,343,367,390,415,367.21802,391.35406,0.8434306979179382,player
0,tacticam,player_02,342,804,377,878,359.89252,841.3154,0.9109009504318237,player
5,tacticam,player_02,319,794,371,867,345.31927,830.9429,0.9229517579078674,player
10,tacticam,player_02,292,785,346,863,319.70404,824.3099,0.9354555606842041,player
15,tacticam,player_02,284,776,319,848,301.84415,812.49115,0.9112696647644043,player
20,tacticam,player_02,272,760,315,831,293.76624,796.09625,0.9116660952568054,player
25,tacticam,player_02,267,740,322,809,294.66586,774.87854,0.9263020753860474,player
30,tacticam,player_02,276,721,316,795,296.4159,758.64905,0.9319219589233398,player
35,tacticam,player_02,278,703,314,772,296.61328,737.99835,0.921759307384491,player
40,tacticam,player_02,288,683,324,749,306.7907,716.5932,0.9081702828407288,player
45,tacticam,player_02,294,667,334,729,314.5241,698.43677,0.9145107865333557,player
50,tacticam,player_02,302,648,341,715,321.82733,681.6619,0.939624011516571,player
55,tacticam,player_02,320,632,346,695,333.6161,663.9032,0.9246712327003479,player
60,tacticam,player_02,332,614,365,673,348.79443,644.2731,0.9152423739433289,player
65,tacticam,player_02,347,596,387,651,367.3518,623.9535,0.918685257434845,player
70,tacticam,player_02,360,580,393,638,377.374,609.7106,0.9270962476730347,player
75,tacticam,player_02,364,565,395,625,379.58215,595.4079,0.9194003343582153,player
80,tacticam,player_02,360,551,386,606,373.26398,578.99835,0.9098478555679321,player
85,tacticam,player_02,359,535,389,585,374.74277,560.7997,0.9173012375831604,player
90,tacticam,player_02,357,518,388,572,372.8735,545.46265,0.919157087802887,player
95,tacticam,player_02,356,506,382,563,369.59436,534.5967,0.9070205092430115,player
100,tacticam,player_02,354,492,382,545,368.8143,519.3042,0.9065244197845459,player
105,tacticam,player_02,349,472,375,523,362.34485,498.22565,0.9118632078170776,player
110,tacticam,player_02,337,463,368,516,352.84982,490.47595,0.9208235740661621,player
115,tacticam,player_02,319,447,356,499,338.3687,473.6533,0.9034641981124878,player
120,tacticam,player_02,300,440,328,488,314.3448,464.27783,0.922782838344574,player
125,tacticam,player_02,281,428,309,476,295.6477,452.6131,0.917707085609436,player
130,tacticam,player_02,267,421,293,467,280.20782,444.40677,0.9147647023200989,player
0,tacticam,unmatched_t_10,289,446,316,513,302.93948,479.9979,0.9100699424743652,player
5,tacticam,unmatched_t_10,286,438,319,502,303.2375,470.71848,0.9247574210166931,player
10,tacticam,unmatched_t_10,284,429,317,495,301.1051,462.7141,0.9118071794509888,player
15,tacticam,unmatched_t_10,293,423,320,482,306.98108,452.7648,0.921147882938385,player
0,tacticam,unmatched_t_11,734,346,771,403,753.2375,374.87793,0.9099509716033936,player
0,tacticam,unmatched_t_11,771,396,801,456,786.6268,426.35413,0.9091646671295166,player
5,tacticam,unmatched_t_11,763,398,796,456,779.8806,427.3819,0.9027697443962097,player
5,tacticam,unmatched_t_11,726,348,758,400,742.0735,374.7301,0.8979545831680298,player
10,tacticam,unmatched_t_11,716,343,753,397,735.2747,370.18207,0.8932700753211975,player
10,tacticam,unmatched_t_11,749,390,785,452,767.67535,421.4695,0.5302799940109253,player
15,tacticam,unmatched_t_11,712,343,745,398,728.98596,370.89056,0.8933484554290771,player
15,tacticam,unmatched_t_11,745,390,773,454,759.1834,422.23978,0.8910192847251892,player
20,tacticam,unmatched_t_11,743,391,781,447,762.3629,419.8416,0.9160165190696716,player
20,tacticam,unmatched_t_11,710,344,747,398,729.2686,371.6056,0.9089035391807556,player
25,tacticam,unmatched_t_11,748,384,780,446,764.1807,415.6247,0.9227792620658875,player
25,tacticam,unmatched_t_11,709,342,749,397,729.32007,369.6395,0.9095149040222168,player
30,tacticam,unmatched_t_11,718,345,743,399,730.81067,372.77734,0.8965933322906494,player
35,tacticam,unmatched_t_11,718,347,757,400,737.798,374.38263,0.9110921621322632,player
35,tacticam,unmatched_t_11,758,387,798,440,778.4751,414.0147,0.9081907868385315,player
40,tacticam,unmatched_t_11,723,350,760,402,741.73114,376.44406,0.9149607419967651,player
40,tacticam,unmatched_t_11,773,386,799,443,786.13684,414.97275,0.8947814106941223,player
45,tacticam,unmatched_t_11,783,384,811,436,797.2936,410.9056,0.9042539000511169,player
45,tacticam,unmatched_t_11,731,352,757,403,744.40784,378.1018,0.8470799326896667,player
50,tacticam,unmatched_t_11,791,383,825,432,808.63184,407.93027,0.9274181723594666,player
50,tacticam,unmatched_t_11,732,351,775,401,753.8451,376.41046,0.9165560603141785,player
55,tacticam,unmatched_t_11,815,383,832,431,824.3368,407.82605,0.9037643671035767,player
55,tacticam,unmatched_t_11,745,353,774,403,759.9274,378.8951,0.8915507197380066,player
60,tacticam,unmatched_t_11,757,353,782,403,770.1885,378.2212,0.6339393258094788,player
65,tacticam,unmatched_t_11,762,351,801,399,782.42426,375.49942,0.9250919222831726,player
70,tacticam,unmatched_t_11,770,353,794,401,782.55896,377.76334,0.8988498449325562,player
75,tacticam,unmatched_t_11,766,352,796,397,781.0609,374.89508,0.8908289074897766,player
80,tacticam,unmatched_t_11,764,349,793,395,778.90063,372.6704,0.9116939306259155,player
85,tacticam,unmatched_t_11,755,346,782,390,769.0399,368.76453,0.7205409407615662,player
90,tacticam,unmatched_t_11,749,340,784,386,766.87695,363.4192,0.90765780210495,player
95,tacticam,unmatched_t_11,747,339,771,387,759.04333,363.92963,0.9038518071174622,player
100,tacticam,unmatched_t_11,735,338,771,384,753.40106,361.34167,0.903825044631958,player
105,tacticam,unmatched_t_11,725,330,754,374,739.9351,352.8454,0.9195629358291626,player
0,tacticam,unmatched_t_12,1026,147,1051,194,1038.5614,170.95242,0.9073147773742676,player
5,tacticam,unmatched_t_12,1009,144,1043,193,1026.6083,168.99603,0.9225034713745117,player
10,tacticam,unmatched_t_12,999,146,1034,194,1017.13275,170.67505,0.9206672310829163,player
15,tacticam,unmatched_t_12,991,147,1017,195,1004.5047,171.62451,0.8938486576080322,player
20,tacticam,unmatched_t_12,986,152,1018,198,1002.3195,175.32733,0.9071633219718933,player
25,tacticam,unmatched_t_12,977,155,1016,199,996.9657,177.37094,0.8924904465675354,player
0,tacticam,unmatched_t_13,848,237,890,289,869.40216,263.44913,0.9069359302520752,player
5,tacticam,unmatched_t_13,834,241,874,289,854.484,265.32584,0.9339978098869324,player
10,tacticam,unmatched_t_13,816,242,851,295,834.18915,269.43787,0.9215713739395142,player
15,tacticam,unmatched_t_13,803,246,829,297,816.9137,272.10284,0.7924529314041138,player
20,tacticam,unmatched_t_13,786,247,826,299,806.187,273.7523,0.9147063493728638,player
25,tacticam,unmatched_t_13,776,251,818,300,797.9416,276.1921,0.9082728028297424,player
30,tacticam,unmatched_t_13,765,255,806,303,786.24854,279.6341,0.9156355857849121,player
35,tacticam,unmatched_t_13,760,260,791,310,775.6606,285.35626,0.9058587551116943,player
40,tacticam,unmatched_t_13,753,266,774,313,763.92847,289.65964,0.8923487067222595,player
45,tacticam,unmatched_t_13,740,267,776,313,758.39905,290.45312,0.9213002324104309,player
50,tacticam,unmatched_t_13,737,267,773,311,755.9021,289.48773,0.9008492231369019,player
55,tacticam,unmatched_t_13,740,267,767,315,754.0497,291.48865,0.9058865308761597,player
60,tacticam,unmatched_t_13,743,268,769,317,756.43933,292.86337,0.893294095993042,player
60,tacticam,unmatched_t_13,783,200,801,243,792.32886,222.2596,0.8921900987625122,player
65,tacticam,unmatched_t_13,739,270,777,314,758.3502,292.51868,0.9163323044776917,player
65,tacticam,unmatched_t_13,780,203,807,244,793.6946,223.90222,0.8941524028778076,player
70,tacticam,unmatched_t_13,740,272,771,315,755.6653,293.80573,0.9017853736877441,player
70,tacticam,unmatched_t_13,772,207,807,248,789.6427,227.87796,0.901528000831604,player
75,tacticam,unmatched_t_13,764,210,795,249,780.2035,229.73987,0.9034306406974792,player
75,tacticam,unmatched_t_13,734,272,754,318,744.323,295.4273,0.8772596120834351,player
80,tacticam,unmatched_t_13,715,271,751,314,733.6907,293.2109,0.9094241261482239,player
80,tacticam,unmatched_t_13,701,205,719,247,710.6041,226.5054,0.888058602809906,player
80,tacticam,unmatched_t_13,754,211,780,250,767.469,231.2955,0.8140271306037903,player
85,tacticam,unmatched_t_13,709,268,739,311,724.4482,290.22253,0.9168136119842529,player
85,tacticam,unmatched_t_13,740,207,762,249,751.5255,228.4698,0.8885849714279175,player
85,tacticam,unmatched_t_13,692,205,715,248,704.0534,227.14838,0.8759253025054932,player
90,tacticam,unmatched_t_13,683,208,717,249,700.5841,229.15993,0.9037736058235168,player
90,tacticam,unmatched_t_13,731,206,748,245,739.684,226.00584,0.8043133020401001,player
90,tacticam,unmatched_t_13,706,261,724,306,715.2048,284.24606,0.8018605709075928,player
95,tacticam,unmatched_t_13,694,258,723,302,708.873,280.44452,0.9089459776878357,player
95,tacticam,unmatched_t_13,694,211,713,254,704.12463,232.86911,0.8588705658912659,player
95,tacticam,unmatched_t_13,714,204,737,241,726.0542,223.33827,0.8306553363800049,player
100,tacticam,unmatched_t_13,682,254,719,296,700.98486,275.62506,0.8831167817115784,player
100,tacticam,unmatched_t_13,689,210,720,259,705.31525,235.22044,0.8092411756515503,player
100,tacticam,unmatched_t_13,701,202,730,251,715.7135,226.76617,0.7456791400909424,player
105,tacticam,unmatched_t_13,681,195,706,253,693.6645,224.33734,0.8874936699867249,player
105,tacticam,unmatched_t_13,674,248,699,290,687.33014,269.65253,0.8731474876403809,player
110,tacticam,unmatched_t_13,656,197,676,239,666.5966,218.5843,0.742479145526886,player
110,tacticam,unmatched_t_13,657,247,677,287,667.5941,267.59766,0.7232541441917419,player
115,tacticam,unmatched_t_13,625,240,662,280,644.25195,260.46646,0.9051279425621033,player
115,tacticam,unmatched_t_13,626,192,646,230,636.85376,211.52316,0.8726578950881958,player
115,tacticam,unmatched_t_13,565,240,589,280,577.4952,260.3125,0.764271080493927,player
115,tacticam,unmatched_t_13,640,218,668,263,654.63715,240.95103,0.7091273665428162,player
120,tacticam,unmatched_t_13,591,193,626,229,609.34955,211.79895,0.8986489772796631,player
120,tacticam,unmatched_t_13,623,226,645,259,634.53296,243.08566,0.7172836661338806,player
125,tacticam,unmatched_t_13,574,193,598,228,586.26245,211.2886,0.8996431231498718,player
125,tacticam,unmatched_t_13,524,241,576,276,550.25793,258.89816,0.88084477186203,player
125,tacticam,unmatched_t_13,600,240,623,284,612.0968,262.73642,0.7825641632080078,player
125,tacticam,unmatched_t_13,605,227,629,271,617.39075,249.42119,0.7333489060401917,player
125,tacticam,unmatched_t_13,592,240,618,280,605.4542,260.98398,0.5754407644271851,player
130,tacticam,unmatched_t_13,613,224,638,264,626.20166,244.50256,0.897074282169342,player
130,tacticam,unmatched_t_13,528,243,568,280,548.49475,261.6582,0.8902329206466675,player
130,tacticam,unmatched_t_13,560,195,581,232,571.11487,214.1799,0.8846064805984497,player
130,tacticam,unmatched_t_13,582,241,601,278,592.181,259.87054,0.8751702904701233,player
135,tacticam,unmatched_t_13,544,193,574,231,559.4802,212.4782,0.8962908387184143,player
135,tacticam,unmatched_t_13,528,239,566,275,547.61786,257.46024,0.8900943398475647,player
135,tacticam,unmatched_t_13,574,236,604,277,589.5793,256.9062,0.8885496258735657,player
135,tacticam,unmatched_t_13,615,223,640,272,627.85974,247.9027,0.7856206893920898,player
140,tacticam,unmatched_t_13,623,228,650,272,637.0115,250.87294,0.9000084400177002,player
140,tacticam,unmatched_t_13,576,238,593,279,585.0497,258.89883,0.839884340763092,player
140,tacticam,unmatched_t_13,537,197,558,233,547.6141,215.48071,0.8351825475692749,player
145,tacticam,unmatched_t_13,530,198,550,239,540.619,218.65549,0.8826501965522766,player
145,tacticam,unmatched_t_13,534,233,563,277,549.3271,255.46404,0.880994975566864,player
145,tacticam,unmatched_t_13,572,236,599,279,586.2218,257.8519,0.8622393012046814,player
145,tacticam,unmatched_t_13,627,234,650,277,638.96246,256.06406,0.8598418831825256,player
150,tacticam,unmatched_t_13,583,237,600,281,592.2849,259.4415,0.8356639742851257,player
150,tacticam,unmatched_t_13,635,236,661,279,648.57275,258.14648,0.8236355781555176,player
155,tacticam,unmatched_t_13,584,238,609,285,597.03174,262.1467,0.8737362623214722,player
155,tacticam,unmatched_t_13,550,230,568,276,559.29065,253.60999,0.845356285572052,player
160,tacticam,unmatched_t_13,553,235,578,281,565.7738,258.40906,0.8858674764633179,player
160,tacticam,unmatched_t_13,523,207,546,246,535.3323,226.94978,0.8849745988845825,player
160,tacticam,unmatched_t_13,598,241,611,285,605.11957,263.24347,0.7185994386672974,player
165,tacticam,unmatched_t_13,653,240,677,285,665.42267,263.2411,0.9171990752220154,player
165,tacticam,unmatched_t_13,600,239,625,287,613.0739,263.5231,0.9033071398735046,player
165,tacticam,unmatched_t_13,593,291,608,336,600.9327,314.16058,0.819631814956665,player
170,tacticam,unmatched_t_13,509,294,535,344,522.58075,319.41232,0.9199529886245728,player
175,tacticam,unmatched_t_13,513,296,530,344,522.2342,320.44656,0.8937946557998657,player
180,tacticam,unmatched_t_13,513,295,533,346,523.3177,320.9521,0.8944696187973022,player
185,tacticam,unmatched_t_13,519,297,541,347,530.61707,322.26883,0.8922399282455444,player
190,tacticam,unmatched_t_13,526,296,550,347,538.6615,322.38727,0.9063888788223267,player
195,tacticam,unmatched_t_13,532,296,557,348,544.65216,322.4875,0.9068461656570435,player
200,tacticam,unmatched_t_13,544,299,567,351,555.95984,325.03262,0.8806461095809937,player
0,tacticam,unmatched_t_14,446,211,482,266,464.6944,238.79094,0.9036939740180969,player
5,tacticam,unmatched_t_14,432,205,481,261,456.8838,233.30017,0.9065876007080078,player
10,tacticam,unmatched_t_14,426,203,456,262,441.52582,232.76285,0.907925009727478,player
15,tacticam,unmatched_t_14,416,201,464,256,440.36124,228.86938,0.9116372466087341,player
20,tacticam,unmatched_t_14,421,199,456,258,439.14798,229.11507,0.9195811748504639,player
25,tacticam,unmatched_t_14,430,205,470,261,450.3371,233.41283,0.9202815294265747,player
30,tacticam,unmatched_t_14,449,207,481,264,465.42346,235.84875,0.9156125783920288,player
35,tacticam,unmatched_t_14,463,215,500,268,482.174,242.10931,0.914764404296875,player
40,tacticam,unmatched_t_14,479,219,516,272,497.7018,245.89581,0.9224438071250916,player
45,tacticam,unmatched_t_14,494,226,521,276,508.0072,251.16273,0.8374837040901184,player
50,tacticam,unmatched_t_14,513,228,549,278,531.5492,253.19925,0.9122949838638306,player
55,tacticam,unmatched_t_14,533,236,563,282,548.6041,259.5041,0.8928534984588623,player
60,tacticam,unmatched_t_14,553,236,590,285,571.82416,260.52667,0.9096902012825012,player
65,tacticam,unmatched_t_14,574,242,602,288,588.7198,265.20993,0.9147300720214844,player
70,tacticam,unmatched_t_14,592,246,627,294,609.80225,270.41455,0.9103419184684753,player
75,tacticam,unmatched_t_14,594,250,629,295,611.7813,273.07877,0.9009988307952881,player
80,tacticam,unmatched_t_14,596,252,633,297,614.97925,275.04028,0.9110642671585083,player
85,tacticam,unmatched_t_14,599,249,633,292,616.20264,270.7876,0.9120802283287048,player
90,tacticam,unmatched_t_14,598,248,633,289,615.8341,269.05463,0.9071662425994873,player
95,tacticam,unmatched_t_14,596,248,631,284,613.84894,266.49274,0.8375058174133301,player
100,tacticam,unmatched_t_14,600,246,626,284,613.75214,265.45288,0.906261682510376,player
105,tacticam,unmatched_t_14,592,241,631,283,611.6686,262.39172,0.9227138161659241,player
110,tacticam,unmatched_t_14,579,244,609,283,594.34814,264.39352,0.8047508001327515,player
0,tacticam,unmatched_t_15,1473,224,1504,272,1488.8046,248.31917,0.8906340003013611,player
5,tacticam,unmatched_t_15,1476,223,1507,273,1491.9829,248.44574,0.9117645621299744,player
10,tacticam,unmatched_t_15,1480,226,1512,273,1496.8301,250.22838,0.9015746712684631,player
15,tacticam,unmatched_t_15,1486,226,1517,276,1502.3218,251.44318,0.9141253232955933,player
20,tacticam,unmatched_t_15,1493,233,1520,283,1507.0254,258.29736,0.8887450098991394,player
25,tacticam,unmatched_t_15,1491,234,1524,285,1507.7778,260.3628,0.9184568524360657,player
30,tacticam,unmatched_t_15,1492,247,1514,295,1503.2444,271.5575,0.8893038034439087,player
35,tacticam,unmatched_t_15,1487,252,1522,301,1504.8928,276.68115,0.9187982678413391,player
40,tacticam,unmatched_t_15,1492,262,1514,310,1503.193,286.39316,0.8990045785903931,player
45,tacticam,unmatched_t_15,1490,265,1524,313,1507.4998,289.81793,0.9100261926651001,player
50,tacticam,unmatched_t_15,1503,272,1523,320,1513.0969,296.65347,0.9027232527732849,player
55,tacticam,unmatched_t_15,1510,280,1539,327,1525.0543,303.92194,0.8889345526695251,player
60,tacticam,unmatched_t_15,1524,285,1552,331,1538.4163,308.4885,0.9084070920944214,player
65,tacticam,unmatched_t_15,1538,291,1559,336,1549.441,314.40738,0.8979605436325073,player
70,tacticam,unmatched_t_15,1540,294,1569,342,1554.7877,318.5378,0.9198644161224365,player
75,tacticam,unmatched_t_15,1546,302,1566,345,1556.5005,324.1455,0.8530195355415344,player
80,tacticam,unmatched_t_15,1545,301,1575,347,1560.0238,324.14795,0.9024178385734558,player
85,tacticam,unmatched_t_15,1557,303,1575,348,1566.4589,325.92792,0.8727959990501404,player
90,tacticam,unmatched_t_15,1562,301,1592,348,1577.0767,325.06155,0.9166268706321716,player
0,tacticam,unmatched_t_16,562,95,590,142,576.2701,118.99389,0.7682068347930908,player
5,tacticam,unmatched_t_16,558,92,591,141,574.92206,116.826706,0.9112650156021118,player
10,tacticam,unmatched_t_16,558,95,585,141,572.07996,118.46766,0.9122689962387085,player
15,tacticam,unmatched_t_16,556,93,589,143,572.6174,118.51022,0.9184138774871826,player
20,tacticam,unmatched_t_16,569,103,593,154,581.66406,128.75456,0.9054534435272217,player
25,tacticam,unmatched_t_16,579,110,616,155,597.8865,132.71228,0.9112924933433533,player
30,tacticam,unmatched_t_16,590,123,623,163,606.9626,143.3518,0.8888881206512451,player
35,tacticam,unmatched_t_16,610,133,634,177,622.38226,155.53488,0.858575165271759,player
40,tacticam,unmatched_t_16,623,144,650,185,636.86475,165.11725,0.8810287714004517,player
45,tacticam,unmatched_t_16,622,151,661,192,642.0052,172.23318,0.9017575979232788,player
45,tacticam,unmatched_t_16,562,116,585,148,574.2796,132.38574,0.7256273627281189,player
10,tacticam,unmatched_t_17,945,268,963,327,954.12506,298.00842,0.90676349401474,player
10,tacticam,unmatched_t_17,922,200,952,248,937.20386,224.61356,0.8646085858345032,player
15,tacticam,unmatched_t_17,947,267,982,328,964.97864,298.06,0.9260486364364624,player
20,tacticam,unmatched_t_17,972,271,989,328,980.7981,299.74432,0.8925120234489441,player
25,tacticam,unmatched_t_17,978,274,1013,332,995.9557,303.31885,0.9063903093338013,player
30,tacticam,unmatched_t_17,1004,279,1029,336,1016.66895,308.27814,0.9022368788719177,player
35,tacticam,unmatched_t_17,1020,283,1045,340,1032.9252,312.20605,0.8901239037513733,player
40,tacticam,unmatched_t_17,1041,289,1071,345,1056.8496,317.40674,0.9121537208557129,player
45,tacticam,unmatched_t_17,1065,292,1083,345,1074.864,319.02518,0.8793937563896179,player
50,tacticam,unmatched_t_17,1082,296,1113,349,1097.8086,322.68274,0.9205986261367798,player
55,tacticam,unmatched_t_17,1117,298,1136,351,1127.0228,325.11218,0.9157674312591553,player
60,tacticam,unmatched_t_17,1139,301,1165,354,1152.572,328.02338,0.837270975112915,player
65,tacticam,unmatched_t_17,1169,305,1195,356,1182.344,331.22638,0.9113980531692505,player
20,tacticam,unmatched_t_18,827,150,850,193,839.0311,171.95741,0.889761209487915,player
25,tacticam,unmatched_t_18,816,158,841,202,828.89996,180.40526,0.9082391858100891,player
30,tacticam,unmatched_t_18,805,163,835,207,820.26697,185.86263,0.8999980092048645,player
35,tacticam,unmatched_t_18,793,172,831,216,812.5901,194.47328,0.9136631488800049,player
40,tacticam,unmatched_t_18,787,180,824,220,805.7437,200.22968,0.9122109413146973,player
45,tacticam,unmatched_t_18,782,185,814,229,798.61725,207.21564,0.9151320457458496,player
50,tacticam,unmatched_t_18,779,191,806,235,793.09406,213.63103,0.889290988445282,player
55,tacticam,unmatched_t_18,781,196,799,238,790.5692,217.87074,0.8861445188522339,player
45,tacticam,player_08,358,463,391,522,374.75726,493.04755,0.9074522256851196,player
50,tacticam,player_08,369,459,402,512,386.0637,486.00336,0.8838224411010742,player
55,tacticam,player_08,386,453,430,502,408.47415,477.88898,0.9041926264762878,player
45,tacticam,unmatched_t_20,1879,1039,1906,1080,1892.8444,1059.9292,0.7378449440002441,referee
50,tacticam,unmatched_t_20,1872,1032,1895,1079,1883.9495,1056.0619,0.6977887153625488,referee
55,tacticam,unmatched_t_20,1867,1026,1896,1080,1881.746,1053.3494,0.8911228179931641,referee
60,tacticam,unmatched_t_20,1871,1028,1897,1080,1884.6636,1054.1735,0.875592052936554,referee
65,tacticam,unmatched_t_20,1863,1022,1897,1079,1880.5637,1051.0426,0.7379799485206604,referee
50,tacticam,player_09,578,111,599,153,589.09296,132.58134,0.8081600666046143,referee
55,tacticam,player_09,597,113,621,157,609.5238,135.84828,0.8750535249710083,referee
60,tacticam,player_09,621,121,643,160,632.1258,141.42924,0.899356484413147,referee
65,tacticam,player_09,640,123,664,167,652.5255,145.10852,0.8780773282051086,referee
70,tacticam,player_09,655,125,679,171,667.064,148.64268,0.6589247584342957,referee
60,tacticam,player_07,830,379,859,429,844.70123,404.53006,0.9153468012809753,player
65,tacticam,player_07,847,379,873,429,860.6823,404.5206,0.9026718735694885,player
70,tacticam,player_07,863,379,880,427,871.7178,403.2932,0.8861145377159119,player
75,tacticam,player_07,864,372,892,422,878.7942,397.3906,0.9090401530265808,player
80,tacticam,player_07,871,367,895,416,883.0889,392.1777,0.9016951322555542,player
85,tacticam,player_07,879,362,897,409,888.2538,385.94687,0.9111619591712952,player
90,tacticam,player_07,883,353,907,400,895.6108,377.29,0.7949697375297546,player
95,tacticam,player_07,895,346,913,395,904.38776,370.88626,0.8441608548164368,player
60,tacticam,unmatched_t_23,672,175,699,221,686.2013,198.53696,0.8777009844779968,player
65,tacticam,unmatched_t_23,689,185,717,227,703.26697,206.3373,0.8827835917472839,player
70,tacticam,unmatched_t_23,696,192,725,235,710.66284,213.8919,0.9022276997566223,player
75,tacticam,unmatched_t_23,693,200,721,241,707.7563,220.91089,0.9114251732826233,player
75,tacticam,unmatched_t_24,1201,313,1231,362,1216.4034,337.78525,0.9173025488853455,player
80,tacticam,unmatched_t_24,1224,314,1239,362,1232.3027,338.38354,0.8912164568901062,player
85,tacticam,unmatched_t_24,1233,313,1258,362,1245.8652,337.73004,0.8968585729598999,player
90,tacticam,unmatched_t_24,1254,311,1279,360,1267.0615,336.25647,0.91289883852005,player
95,tacticam,unmatched_t_24,1275,311,1292,360,1284.075,335.93164,0.8916277885437012,player
100,tacticam,unmatched_t_24,1283,311,1311,360,1297.9434,335.85202,0.9303191900253296,player
105,tacticam,unmatched_t_24,1299,306,1317,355,1308.6135,331.34274,0.8872271180152893,player
110,tacticam,unmatched_t_24,1298,306,1318,357,1308.6409,332.43707,0.8917726278305054,player
115,tacticam,unmatched_t_24,1296,304,1324,354,1310.3184,329.56586,0.9013476967811584,player
120,tacticam,unmatched_t_24,1300,304,1316,354,1308.8177,329.71893,0.892146646976471,player
125,tacticam,unmatched_t_24,1294,305,1318,355,1306.8774,330.1497,0.904604971408844,player
130,tacticam,unmatched_t_24,1303,308,1328,355,1315.8429,331.66943,0.9128431081771851,player
135,tacticam,unmatched_t_24,1317,307,1333,356,1325.8091,331.83398,0.8745636343955994,player
140,tacticam,unmatched_t_24,1319,306,1345,356,1332.2439,331.78693,0.9039453864097595,player
145,tacticam,unmatched_t_24,1333,307,1358,356,1345.6122,332.0778,0.8908390402793884,player
150,tacticam,unmatched_t_24,1349,307,1366,357,1357.9432,332.20892,0.8858623504638672,player
155,tacticam,unmatched_t_24,1356,307,1383,357,1369.8481,332.67065,0.9107767343521118,player
160,tacticam,unmatched_t_24,1374,306,1393,358,1383.5371,332.47046,0.8940432071685791,player
85,tacticam,player_11,1833,1008,1869,1072,1851.7885,1040.5874,0.8835046291351318,referee
90,tacticam,player_11,1838,1007,1870,1076,1854.2985,1041.8701,0.8408220410346985,referee
95,tacticam,player_11,1836,1010,1875,1073,1856.0094,1042.1342,0.8801364898681641,referee
100,tacticam,player_11,1837,1006,1872,1077,1854.7844,1041.8218,0.887305736541748,referee
105,tacticam,player_11,1835,1003,1863,1070,1849.2015,1037.139,0.7033612728118896,referee
110,tacticam,player_11,1818,1002,1855,1072,1836.9928,1037.7725,0.5048397183418274,referee
115,tacticam,player_11,1820,998,1847,1062,1833.9034,1030.4316,0.810865044593811,referee
85,tacticam,unmatched_t_26,666,123,687,170,677.02795,146.78342,0.7737230062484741,referee
90,tacticam,unmatched_t_26,668,126,689,166,679.04663,146.3284,0.7285552024841309,referee
95,tacticam,unmatched_t_26,671,124,690,164,681.0443,144.49709,0.8525949120521545,referee
100,tacticam,unmatched_t_26,675,123,693,159,684.4164,141.4144,0.8931235671043396,referee
105,tacticam,unmatched_t_26,673,117,694,154,684.06805,135.76747,0.8802187442779541,referee
110,tacticam,unmatched_t_26,667,117,688,155,677.7246,136.18172,0.8517481684684753,referee
85,tacticam,player_12,58,332,86,384,72.15773,358.29877,0.6773239970207214,goalkeeper
90,tacticam,player_12,86,329,109,378,97.7168,354.0726,0.6356488466262817,goalkeeper
95,tacticam,player_12,115,324,132,376,124.32526,350.66437,0.5175744891166687,goalkeeper
100,tacticam,player_12,136,322,157,372,147.12402,347.76135,0.800131618976593,goalkeeper
105,tacticam,player_12,113,302,128,349,121.21596,326.01505,0.6289653182029724,goalkeeper
100,tacticam,unmatched_t_28,1579,304,1609,349,1594.7302,327.3089,0.9050112366676331,player
105,tacticam,unmatched_t_28,1585,300,1604,345,1595.0519,323.04645,0.8900335431098938,player
110,tacticam,unmatched_t_28,1581,300,1604,348,1593.0729,324.49173,0.8954325318336487,player
115,tacticam,unmatched_t_28,1575,296,1593,347,1584.0518,321.7377,0.8653632402420044,player
120,tacticam,unmatched_t_28,1568,300,1587,345,1577.9066,322.9231,0.8796993494033813,player
125,tacticam,unmatched_t_28,1559,297,1585,344,1572.6101,321.1311,0.9027129411697388,player
130,tacticam,unmatched_t_28,1566,298,1588,344,1577.6138,321.9049,0.8902084827423096,player
135,tacticam,unmatched_t_28,1569,298,1592,344,1581.2036,321.81473,0.8876789808273315,player
140,tacticam,unmatched_t_28,1575,300,1604,345,1589.9381,323.0876,0.9071056246757507,player
145,tacticam,unmatched_t_28,1591,299,1608,345,1600.0214,322.73212,0.8759247064590454,player
150,tacticam,unmatched_t_28,1597,300,1624,346,1610.9044,323.82098,0.9023315906524658,player
155,tacticam,unmatched_t_28,1615,301,1637,348,1626.621,325.30063,0.8949378728866577,player
160,tacticam,unmatched_t_28,1629,303,1647,350,1638.69,327.0428,0.8761025071144104,player
165,tacticam,unmatched_t_28,1634,304,1662,350,1648.6505,327.8437,0.9048755168914795,player
170,tacticam,unmatched_t_28,1650,305,1676,352,1663.3013,329.1861,0.8991879224777222,player
175,tacticam,unmatched_t_28,1652,294,1669,350,1660.6106,322.74033,0.8637195229530334,player
180,tacticam,unmatched_t_28,1647,297,1670,350,1658.6964,324.13522,0.8819654583930969,player
185,tacticam,unmatched_t_28,1647,304,1677,354,1662.0654,329.61084,0.9028679728507996,player
190,tacticam,unmatched_t_28,1648,301,1668,354,1658.3564,327.66592,0.8522348999977112,player
195,tacticam,unmatched_t_28,1643,308,1666,357,1654.7029,332.86676,0.8968003988265991,player
200,tacticam,unmatched_t_28,1637,297,1661,352,1649.6052,325.36786,0.8981913924217224,player
100,tacticam,unmatched_t_29,459,312,484,355,472.23126,333.91693,0.8292288184165955,player
105,tacticam,unmatched_t_29,454,314,478,357,466.48047,335.88043,0.8935867547988892,player
110,tacticam,unmatched_t_29,457,315,489,356,473.8872,335.83206,0.9178984761238098,player
110,tacticam,unmatched_t_29,443,299,464,335,454.12418,317.30957,0.8399372696876526,player
115,tacticam,unmatched_t_29,432,293,461,328,446.86615,311.1574,0.9047050476074219,player
115,tacticam,unmatched_t_29,459,305,482,348,471.12146,326.9617,0.8839319348335266,player
120,tacticam,unmatched_t_29,449,307,483,348,466.7384,327.88638,0.9031320810317993,player
120,tacticam,unmatched_t_29,436,291,460,328,448.70142,309.8728,0.8841135501861572,player
125,tacticam,unmatched_t_29,447,290,480,347,464.00967,318.9408,0.8971043229103088,player
130,tacticam,unmatched_t_29,452,294,473,343,463.0242,318.83936,0.841131865978241,player
130,tacticam,unmatched_t_29,460,285,478,330,469.92563,308.13806,0.7908788323402405,player
135,tacticam,unmatched_t_29,451,296,479,342,465.82355,319.26178,0.9023925065994263,player
135,tacticam,unmatched_t_29,477,285,494,330,485.83862,307.743,0.8626591563224792,player
140,tacticam,unmatched_t_29,464,290,489,341,476.52972,316.182,0.8942115902900696,player
140,tacticam,unmatched_t_29,494,286,509,333,502.17105,310.23444,0.8865465521812439,player
145,tacticam,unmatched_t_29,513,288,527,336,520.3852,312.21075,0.8854472041130066,player
150,tacticam,unmatched_t_29,533,289,551,335,542.037,312.68793,0.917366623878479,player
150,tacticam,unmatched_t_29,475,294,503,340,489.49997,317.4861,0.8998787999153137,player
155,tacticam,unmatched_t_29,486,289,502,339,494.728,314.75934,0.9113401174545288,player
155,tacticam,unmatched_t_29,555,291,571,337,563.56396,314.60654,0.8742146492004395,player
160,tacticam,unmatched_t_29,600,323,632,371,616.3269,347.65558,0.9170973896980286,player
160,tacticam,unmatched_t_29,575,292,591,337,583.5155,315.4369,0.876086950302124,player
165,tacticam,unmatched_t_29,504,295,520,342,512.5129,318.91968,0.8881674408912659,player
110,tacticam,unmatched_t_30,894,220,916,267,905.29816,244.21408,0.785664975643158,player
110,tacticam,unmatched_t_30,882,212,906,258,894.50885,235.08153,0.7813926339149475,player
115,tacticam,unmatched_t_30,876,221,900,265,888.39954,243.21808,0.8724978566169739,player
115,tacticam,unmatched_t_30,864,209,880,247,872.4472,228.44257,0.8304776549339294,player
120,tacticam,unmatched_t_30,866,218,887,263,877.32495,240.89809,0.8929749727249146,player
120,tacticam,unmatched_t_30,840,212,858,251,849.63446,231.73233,0.8242799639701843,player
125,tacticam,unmatched_t_30,814,209,843,250,828.9992,229.82587,0.897327721118927,player
125,tacticam,unmatched_t_30,861,216,882,262,872.05865,239.64688,0.8861440420150757,player
130,tacticam,unmatched_t_30,863,221,882,264,873.03094,242.77533,0.8935818076133728,player
135,tacticam,unmatched_t_30,792,211,817,253,805.2431,232.62476,0.9146605730056763,player
140,tacticam,unmatched_t_30,785,210,809,252,797.8231,231.43831,0.9012591242790222,player
145,tacticam,unmatched_t_30,784,212,799,252,792.11536,232.44356,0.8889685869216919,player
150,tacticam,unmatched_t_30,781,212,800,250,790.6474,231.32089,0.8871297240257263,player
155,tacticam,unmatched_t_30,783,210,799,251,791.47394,231.29013,0.8951196074485779,player
160,tacticam,unmatched_t_30,782,211,801,254,791.76874,233.37355,0.9231765270233154,player
165,tacticam,unmatched_t_30,786,211,803,255,795.006,233.43622,0.905582070350647,player
170,tacticam,unmatched_t_30,789,215,806,254,797.81085,234.84055,0.898653507232666,player
175,tacticam,unmatched_t_30,787,211,801,255,794.74457,233.38477,0.9005057215690613,player
180,tacticam,unmatched_t_30,781,214,801,257,791.5545,235.8876,0.9163026809692383,player
185,tacticam,unmatched_t_30,789,212,802,256,796.0326,234.35391,0.8895277976989746,player
190,tacticam,unmatched_t_30,798,211,811,257,805.1023,234.7505,0.8917505145072937,player
110,tacticam,unmatched_t_31,899,327,915,370,907.4249,349.08972,0.541983425617218,player
115,tacticam,unmatched_t_31,889,318,915,363,902.51294,340.87994,0.9049976468086243,player
120,tacticam,unmatched_t_31,939,262,967,306,953.66364,284.56503,0.9087052345275879,player
125,tacticam,unmatched_t_31,942,261,955,305,948.8749,283.76892,0.8607482314109802,player
130,tacticam,unmatched_t_31,938,262,965,308,951.643,285.5506,0.9046578407287598,player
115,tacticam,player_05,1803,387,1836,441,1820.0107,414.357,0.9188206195831299,player
120,tacticam,player_05,1805,389,1832,442,1819.2412,416.00757,0.9242241978645325,player
125,tacticam,player_05,1805,389,1826,442,1815.6963,415.98834,0.9105646014213562,player
130,tacticam,player_05,1805,391,1837,445,1821.3157,418.4345,0.9234468936920166,player
135,tacticam,player_05,1821,391,1840,447,1830.8293,419.63535,0.8996667861938477,player
140,tacticam,player_05,1818,393,1850,447,1834.5271,420.66568,0.9096081256866455,player
145,tacticam,player_05,1830,394,1863,448,1846.749,421.51154,0.9176497459411621,player
150,tacticam,player_05,1851,396,1871,451,1861.4817,424.0868,0.9090275168418884,player
155,tacticam,player_05,1855,397,1886,453,1870.7566,425.7095,0.9175608158111572,player
160,tacticam,player_05,1874,400,1900,456,1887.5153,428.54813,0.9011601805686951,player
165,tacticam,player_05,1886,402,1908,457,1897.4945,430.0739,0.8977066278457642,player
170,tacticam,player_05,1885,406,1919,461,1902.382,433.84552,0.8919495344161987,player
175,tacticam,player_05,1894,409,1918,460,1906.6355,434.99048,0.8896366357803345,player
180,tacticam,player_05,1885,407,1915,459,1900.229,433.92288,0.8772218823432922,player
185,tacticam,player_05,1877,411,1901,462,1889.5063,436.6734,0.89925616979599,player
190,tacticam,player_05,1862,413,1899,460,1881.0022,437.00833,0.9140576720237732,player
195,tacticam,player_05,1843,411,1880,460,1862.0066,435.9656,0.9228473901748657,player
200,tacticam,player_05,1805,411,1845,460,1825.4004,436.21143,0.884060800075531,player
120,tacticam,unmatched_t_33,881,315,902,360,891.8943,338.36307,0.8925310373306274,player
125,tacticam,unmatched_t_33,874,313,893,356,884.0455,335.09467,0.8610087633132935,player
130,tacticam,unmatched_t_33,870,307,894,351,882.10693,329.85135,0.9128954410552979,player
135,tacticam,unmatched_t_33,874,305,891,350,882.9839,328.08252,0.8623253703117371,player
140,tacticam,unmatched_t_33,872,302,895,348,884.1418,325.49896,0.8969875574111938,player
145,tacticam,unmatched_t_33,880,302,894,345,887.406,323.89545,0.8883445858955383,player
150,tacticam,unmatched_t_33,886,301,906,343,896.5104,322.38727,0.8854116797447205,player
155,tacticam,unmatched_t_33,895,298,912,342,904.0122,320.90552,0.8742048144340515,player
160,tacticam,unmatched_t_33,903,297,920,342,911.85406,319.96533,0.5971417427062988,player
165,tacticam,unmatched_t_33,907,295,929,340,918.5268,318.04553,0.8985511064529419,player
170,tacticam,unmatched_t_33,917,296,941,341,929.67096,319.16092,0.8985512852668762,player
175,tacticam,unmatched_t_33,922,296,935,341,929.094,318.68344,0.8611236214637756,player
180,tacticam,unmatched_t_33,917,296,940,341,929.0659,318.53735,0.8949908018112183,player
185,tacticam,unmatched_t_33,923,296,940,339,931.88214,318.17844,0.886935830116272,player
190,tacticam,unmatched_t_33,925,296,941,338,933.4603,317.3977,0.898017168045044,player
195,tacticam,unmatched_t_33,923,296,946,341,935.34924,319.2735,0.9036645889282227,player
200,tacticam,unmatched_t_33,929,298,943,342,936.458,320.17255,0.900484561920166,player
120,tacticam,player_14,650,110,671,151,661.2822,130.74011,0.760055661201477,referee
125,tacticam,player_14,647,116,669,150,658.4559,133.67441,0.8702518343925476,referee
130,tacticam,player_14,651,113,674,150,662.6105,131.73308,0.8785046339035034,referee
125,tacticam,unmatched_t_35,642,323,669,363,656.37866,343.86688,0.888872504234314,player
130,tacticam,unmatched_t_35,631,321,651,369,641.5763,345.35687,0.8904069066047668,player
135,tacticam,unmatched_t_35,620,320,638,366,629.4796,343.61237,0.8734009265899658,player
140,tacticam,unmatched_t_35,611,320,638,364,625.1212,342.44897,0.8864448666572571,player
145,tacticam,unmatched_t_35,609,321,630,367,619.9907,344.3291,0.8907598257064819,player
150,tacticam,unmatched_t_35,597,321,632,367,615.2056,344.63455,0.9247291088104248,player
155,tacticam,unmatched_t_35,607,323,621,371,614.4188,347.413,0.8831466436386108,player
130,tacticam,unmatched_t_36,1799,994,1827,1066,1813.6187,1030.4282,0.6219998002052307,referee
135,tacticam,unmatched_t_36,1792,993,1832,1063,1812.784,1028.6313,0.8707194924354553,referee
140,tacticam,unmatched_t_36,1801,993,1840,1061,1820.9637,1027.6714,0.8569402694702148,referee
145,tacticam,unmatched_t_36,1810,991,1843,1062,1826.7155,1027.4667,0.8818057179450989,referee
150,tacticam,unmatched_t_36,1810,995,1854,1064,1832.3481,1029.9963,0.9027209877967834,referee
155,tacticam,unmatched_t_36,1824,996,1863,1065,1844.2148,1030.9537,0.8738150000572205,referee
160,tacticam,unmatched_t_36,1834,998,1864,1067,1849.6674,1032.7809,0.8511034250259399,referee
165,tacticam,unmatched_t_36,1834,1000,1881,1069,1857.7756,1034.9219,0.7140882611274719,referee
170,tacticam,unmatched_t_36,1848,1001,1885,1071,1866.6486,1036.4462,0.9049059748649597,referee
175,tacticam,unmatched_t_36,1848,999,1874,1069,1861.48,1034.8546,0.8694926500320435,referee
180,tacticam,unmatched_t_36,1838,1000,1876,1070,1857.5936,1035.218,0.8732212781906128,referee
185,tacticam,unmatched_t_36,1843,1002,1879,1069,1861.4943,1035.9116,0.8561506867408752,referee
190,tacticam,unmatched_t_36,1847,1001,1879,1071,1863.6182,1036.3998,0.888300895690918,referee
195,tacticam,unmatched_t_36,1839,1001,1877,1072,1858.9314,1036.9896,0.887175977230072,referee
200,tacticam,unmatched_t_36,1845,1000,1876,1069,1861.2883,1034.9938,0.873624324798584,referee
140,tacticam,unmatched_t_37,951,261,977,306,964.4641,284.35077,0.9031069278717041,player
145,tacticam,unmatched_t_37,965,262,982,306,974.1675,284.66357,0.8886644840240479,player
150,tacticam,unmatched_t_37,974,261,994,306,984.30145,284.22134,0.910494327545166,player
150,tacticam,unmatched_t_37,919,212,933,260,926.1581,236.57896,0.8871583938598633,player
155,tacticam,unmatched_t_37,938,212,951,259,945.21625,235.96172,0.8798985481262207,player
140,tacticam,unmatched_t_38,321,374,350,421,336.2553,398.2565,0.8403333425521851,player
145,tacticam,unmatched_t_38,317,373,336,421,327.0188,397.5241,0.8692569732666016,player
150,tacticam,unmatched_t_38,319,369,337,416,328.52966,392.93243,0.8839921355247498,player
155,tacticam,unmatched_t_38,321,363,340,415,331.1944,389.54276,0.8088306188583374,player
150,tacticam,unmatched_t_39,524,199,547,239,536.038,219.55664,0.9004167914390564,player
150,tacticam,unmatched_t_39,543,231,567,278,555.3595,254.93225,0.770179033279419,player
155,tacticam,unmatched_t_39,526,202,542,242,534.03735,222.26802,0.8772861957550049,player
150,tacticam,player_13,688,117,702,143,695.43945,130.6102,0.7394712567329407,referee
155,tacticam,player_13,696,112,712,143,704.7234,127.98333,0.8043879270553589,referee
160,tacticam,player_13,704,114,719,141,712.14417,127.875305,0.8264515399932861,referee
155,tacticam,unmatched_t_41,986,260,1011,306,998.86597,283.5605,0.8826577663421631,player
160,tacticam,unmatched_t_41,1003,260,1018,303,1011.21313,281.66016,0.7536638975143433,player
165,tacticam,unmatched_t_41,974,212,987,259,980.7303,235.84392,0.8970610499382019,player
165,tacticam,unmatched_t_41,1008,260,1033,306,1021.1936,283.1277,0.8949044346809387,player
170,tacticam,unmatched_t_41,1021,262,1044,307,1033.1509,284.64813,0.8895618915557861,player
170,tacticam,unmatched_t_41,990,213,1005,258,997.8937,235.92969,0.8756141066551208,player
175,tacticam,unmatched_t_41,1030,262,1043,306,1036.9265,284.2921,0.8381215929985046,player
180,tacticam,unmatched_t_41,1006,215,1023,259,1014.9937,237.4696,0.9028763771057129,player
180,tacticam,unmatched_t_41,1032,262,1048,306,1040.3812,284.458,0.8829378485679626,player
185,tacticam,unmatched_t_41,1016,215,1033,259,1025.2611,237.4199,0.8911959528923035,player
185,tacticam,unmatched_t_41,1037,261,1054,306,1046.3082,283.9948,0.8832534551620483,player
190,tacticam,unmatched_t_41,1026,215,1044,259,1035.5822,237.52022,0.8950464725494385,player
195,tacticam,unmatched_t_41,1034,216,1052,258,1043.1125,237.41885,0.8973354697227478,player
200,tacticam,unmatched_t_41,1063,260,1078,306,1070.6489,283.50275,0.8853968977928162,player
165,tacticam,player_15,337,361,353,411,345.35733,386.44547,0.8996641635894775,player
170,tacticam,player_15,343,358,364,408,353.7171,383.75912,0.9104017019271851,player
175,tacticam,player_15,346,359,369,407,358.11612,383.48566,0.8913916945457458,player
180,tacticam,player_15,351,357,370,407,360.82297,382.3785,0.914088249206543,player
185,tacticam,player_15,358,356,379,407,369.39365,381.90454,0.9053738117218018,player
190,tacticam,player_15,368,356,388,407,378.59656,381.7661,0.8880263566970825,player
165,tacticam,unmatched_t_43,518,210,544,252,531.28284,231.16171,0.8801968693733215,player
170,tacticam,unmatched_t_43,511,215,538,255,524.82623,235.51799,0.9279865026473999,player
170,tacticam,unmatched_t_43,573,235,595,283,584.65906,259.30762,0.8884360790252686,player
175,tacticam,unmatched_t_43,577,234,595,282,586.81323,258.94037,0.878631591796875,player
175,tacticam,unmatched_t_43,609,244,632,291,620.976,267.61334,0.8038719296455383,player
175,tacticam,unmatched_t_43,612,296,632,345,622.39,320.79538,0.5852511525154114,player
180,tacticam,unmatched_t_43,653,238,678,285,665.8939,262.4494,0.9066706299781799,player
180,tacticam,unmatched_t_43,582,235,597,285,589.6965,260.6013,0.8881338238716125,player
180,tacticam,unmatched_t_43,626,293,640,342,633.14075,318.06262,0.8569577932357788,player
185,tacticam,unmatched_t_43,598,336,624,384,611.56836,360.45303,0.9183082580566406,player
185,tacticam,unmatched_t_43,635,288,654,342,645.43115,315.29187,0.8598716855049133,player
185,tacticam,unmatched_t_43,585,237,603,289,594.848,263.48566,0.8310047388076782,player
190,tacticam,unmatched_t_43,594,239,611,288,603.18176,264.4845,0.8709573149681091,player
190,tacticam,unmatched_t_43,618,248,639,292,629.0591,270.83368,0.8358515501022339,player
195,tacticam,unmatched_t_43,598,241,616,290,607.6657,266.18436,0.8958607316017151,player
195,tacticam,unmatched_t_43,621,248,646,294,633.88696,271.40726,0.8860803842544556,player
195,tacticam,unmatched_t_43,658,295,681,344,669.7532,320.05118,0.8686747550964355,player
195,tacticam,unmatched_t_43,672,231,688,277,680.6157,254.75977,0.8351410627365112,player
200,tacticam,unmatched_t_43,601,244,628,295,614.80566,269.7235,0.8800046443939209,player
200,tacticam,unmatched_t_43,628,249,646,295,637.5542,272.64212,0.8336325883865356,player
200,tacticam,unmatched_t_43,678,229,695,276,687.0115,253.32317,0.7978450059890747,player
165,tacticam,unmatched_t_44,609,330,627,375,618.3097,352.65073,0.8797699213027954,player
170,tacticam,unmatched_t_44,602,332,630,378,616.761,355.58057,0.9004200100898743,player
175,tacticam,unmatched_t_44,604,334,619,381,611.8887,358.01483,0.8664039373397827,player
180,tacticam,unmatched_t_44,600,332,619,382,609.7145,357.20636,0.8714823126792908,player
165,tacticam,unmatched_t_45,270,115,285,154,278.27744,135.20554,0.6074421405792236,player
170,tacticam,unmatched_t_45,289,116,303,154,296.56302,135.25653,0.5633805394172668,player
175,tacticam,unmatched_t_45,295,115,311,154,303.4265,135.3427,0.6448506712913513,player
170,tacticam,unmatched_t_46,1390,310,1415,361,1402.6736,336.21408,0.9120579361915588,player
175,tacticam,unmatched_t_46,1397,311,1415,360,1406.4606,335.98233,0.9031493067741394,player
180,tacticam,unmatched_t_46,1397,310,1417,362,1407.6565,336.40344,0.8992140889167786,player
185,tacticam,unmatched_t_46,1402,312,1424,363,1413.6934,337.94662,0.9041489362716675,player
190,tacticam,unmatched_t_46,1411,313,1429,364,1420.4484,338.8986,0.8912582397460938,player
195,tacticam,unmatched_t_46,1418,313,1436,364,1427.3232,338.82916,0.9021211266517639,player
170,tacticam,unmatched_t_47,250,357,282,385,266.6153,371.63617,0.5904483795166016,player
170,tacticam,unmatched_t_47,229,397,272,421,250.99393,409.55502,0.5785656571388245,player
175,tacticam,unmatched_t_47,231,391,275,417,253.35416,404.4472,0.6148656010627747,player
180,tacticam,unmatched_t_47,234,382,270,414,252.61755,398.96768,0.8540827631950378,player
180,tacticam,unmatched_t_47,247,345,277,382,262.72107,364.04465,0.72515869140625,player
185,tacticam,unmatched_t_47,235,379,271,410,253.14542,394.8629,0.8530185222625732,player
185,tacticam,unmatched_t_47,256,333,289,379,272.65253,356.4886,0.8205932974815369,player
190,tacticam,unmatched_t_47,266,328,296,376,281.35736,352.77698,0.8429281115531921,player
195,tacticam,unmatched_t_47,218,381,240,419,229.5732,400.5725,0.8348133563995361,player
195,tacticam,unmatched_t_47,273,329,302,381,288.15115,355.4328,0.7388498187065125,player
200,tacticam,unmatched_t_47,293,329,315,376,304.8931,352.75058,0.7919758558273315,player
175,tacticam,unmatched_t_48,498,218,514,256,506.22958,237.49031,0.8787773251533508,player
180,tacticam,unmatched_t_48,472,211,502,252,487.49753,231.99834,0.8866759538650513,player
185,tacticam,unmatched_t_48,465,205,487,250,476.34644,227.66011,0.8803680539131165,player
190,tacticam,unmatched_t_48,461,202,480,244,471.30643,223.15091,0.8544095754623413,player
190,tacticam,unmatched_t_49,647,290,669,343,658.42847,317.13562,0.9116063714027405,player
190,tacticam,unmatched_t_49,602,336,622,385,612.43066,360.9277,0.9020456671714783,player
195,tacticam,unmatched_t_49,604,338,627,391,616.2664,365.08685,0.9095374941825867,player
200,tacticam,unmatched_t_49,608,339,629,393,618.8018,366.64026,0.8995551466941833,player
